INFO - Loading raw dataset...
INFO - Loaded 617 exercises.
INFO - Dataset shape: (617, 17)
INFO - Columns:
['Exercise Name', 'Equipment', 'Variation', 'Utility', 'Mechanics', 'Force', 'Preparation', 'Execution', 'Target_Muscles', 'Synergist_Muscles', 'Stabilizer_Muscles', 'Antagonist_Muscles', 'Dynamic_Stabilizer_Muscles', 'Main_muscle', 'Difficulty (1-5)', 'Secondary Muscles', 'parent_id']
INFO - Missing values:
Exercise Name                   0
Equipment                       0
Variation                       4
Utility                         0
Mechanics                       0
Force                           0
Preparation                     0
Execution                       0
Target_Muscles                  0
Synergist_Muscles               2
Stabilizer_Muscles            128
Antagonist_Muscles            476
Dynamic_Stabilizer_Muscles    352
Main_muscle                     0
Difficulty (1-5)                0
Secondary Muscles               1
parent_id                     456
dtype: int64
INFO - 
Exercise Name
INFO - Exercise Name
Squat                             17
Triceps Dip                        8
Chest Dip                          8
Step-up                            8
Split Squat                        8
Standing Calf Raise                8
Shoulder Press                     6
Triceps Extension                  6
Pull-up                            6
Shrug                              6
Incline Shoulder Raise             6
Lunge                              6
Rear Lunge                         6
Leg Presses                        6
Leg Presses:  Seated Leg Press     6
Single Leg Squat                   6
Reverse Calf Raise                 6
Neck Flexion                       5
Rear Delt Row                      5
Preacher Curl                      5
Name: count, dtype: int64
INFO - 
Equipment
INFO - Equipment
Cable                          101
Lever (selectorized)            80
Lever (plate loaded)            76
Body Weight                     76
Dumbbell                        62
Barbell                         57
Weighted                        34
Suspended                       31
Sled                            31
Smith                           21
Band-assisted                    7
Self-assisted                    6
Self-assisted\u200b\u200b\u200b\u200b\u200b\u200b\u200b             5
Lever (selectorized)\u200b\u200b\u200b\u200b\u200b\u200b\u200b      4
Assisted                         4
Assisted (machine)               3
Lever                            3
Assisted (partner)               2
Suspension                       2
Plyometric                       2
Name: count, dtype: int64
INFO - 
Variation
INFO - Variation
No     452
Yes    161
Name: count, dtype: int64
INFO - 
Utility
INFO - Utility
Auxiliary             213
Basic or Auxiliary    210
Basic                 192
Plyometric              2
Name: count, dtype: int64
INFO - 
Mechanics
INFO - Mechanics
Compound    313
Isolated    304
Name: count, dtype: int64
INFO - 
Force
INFO - Force
Pull           311
Push           305
Push & Pull      1
Name: count, dtype: int64
INFO - 
Preparation
INFO - Preparation
Step up and grasp bar with overhand wide grip.                                                                                                                                       7
Position thighs prone on padding. Hook heels under platform lip or padded brace. Hold weight to chest or behind neck.                                                                7
Sit on seat and position chest against pad. Grasp lever handles with underhand grip.                                                                                                 6
Grasp suspension handles and position bent elbows to each sides of waist.                                                                                                            6
Stand with dumbbells grasped to sides.                                                                                                                                               6
Set and grasp lever handles to each side with overhand grip.                                                                                                                         4
Stand between two very low pulleys with shoulder width or narrower stance. Squat down and grasp stirrup attachments to each side. Stand upright with arms straight down to sides.    4
Sit on machine with back on padded support. Place feet slightly high on platform. Extend hips and knees. Release dock lever and grasp handles to sides.                              4
Sit on machine with back on padded support. Place feet slightly high on platform. Grasp handles to sides.                                                                            4
Sit on machine with back on padded support. Place feet on platform. Extend hips and knees. Release dock lever and grasp handles to sides.                                            4
Sit on machine with back on padded support. Place feet on platform. Grasp handles to sides.                                                                                          4
Place seat at low position. Sit on seat with chest against pad and grasp upper handles.                                                                                              3
Sit on seat. Grasp handles and place back of upper arms parallel on padding with elbows approximately in line with lever's fulcrum.                                                  3
Sit on seat and position chest against pad. Grasp lever handles with overhand grip.                                                                                                  3
Step up and grasp bar with underhand shoulder width grip.                                                                                                                            3
Lie supine on bench with chest under lever bar. Grasp lever bar with wide oblique overhand grip.                                                                                     3
Sit on seat with lever grips lower chest height. Grasp grips with wide overhand grip; elbows out to sides just below shoulders.                                                      3
Stand facing side of bench. Position bar on back of shoulders and grasp barbell to sides.                                                                                            3
Stand with hands on hips or in front of body.                                                                                                                                        3
Stand with arms extended out in front. Balance on one leg with opposite leg extended forward off of ground.                                                                          3
Name: count, dtype: int64
INFO - 
Execution
INFO - Execution
Raise heels by extending ankles as high as possible. Lower heels by bending ankles until calves are stretched. Repeat.                                                                                                                                                                                                                                                                                    14
Pull levers back until elbows are behind back and shoulders are pulled back. Return until arms are extended and shoulders are stretched forward. Repeat.                                                                                                                                                                                                                                                   8
Pull body up until chin is above bar. Lower body until arms and shoulders are fully extended. Repeat.                                                                                                                                                                                                                                                                                                      8
Elevate shoulders as high as possible. Lower and repeat.                                                                                                                                                                                                                                                                                                                                                   8
Step back with one leg while bending supporting leg. Plant forefoot far back on floor. Lower body by flexing knee and hip of supporting leg until knee of rear leg is almost in contact with floor. Return to original standing position by extending hip and knee of forward supporting leg and return rear leg next to supporting leg. Repeat movement with opposite legs alternating between sides.     7
Keeping body straight, lower body to floor by bending arms. Push body up until arms are extended. Repeat.                                                                                                                                                                                                                                                                                                  6
Pull body up until elbow are to sides. Lower body until arms and shoulders are fully extended. Repeat.                                                                                                                                                                                                                                                                                                     6
Pull handles apart from each side, while keeping fixed elbow position and body and legs straight throughout movement. Raise forward so handles are to each side of body. Return back until handles come back together in front of body. Repeat.                                                                                                                                                            6
Press lever until arms are extended. Return weight until chest muscles are slightly stretched. Repeat.                                                                                                                                                                                                                                                                                                     6
Lunge forward with first leg. Land on heel, then forefoot. Lower body by flexing knee and hip of front leg until knee of rear leg is almost in contact with floor. Return to original standing position by forcibly extending hip and knee of forward leg. Repeat by alternating lunge with opposite leg.                                                                                                  6
Squat down by flexing knee and hip of front leg. Allow heel of rear foot to rise up while knee of rear leg bends slightly until it almost makes contact with floor. Return to original standing position by extending hip and knee of forward leg. Repeat. Continue with opposite leg.                                                                                                                     6
From upright position, lower body by straightening knees until body is horizontal. Continue to lower torso by bending hips until body is upside down. Raise torso by extending hips until fully extended. Continue to raise body by flexing knees until body is upright. Repeat.                                                                                                                           6
Pull forefoot back toward body as far as possible while pushing platform with heels. Return feet down to platform and repeat.                                                                                                                                                                                                                                                                              6
Lower body until slight stretch is felt in shoulders. Push body up until arms are straight. Repeat.                                                                                                                                                                                                                                                                                                        5
Pull lever back until elbows are behind back and shoulders are pulled back. Return until arms are extended and shoulders are stretched forward. Repeat.                                                                                                                                                                                                                                                    5
Lower body by bending arms, allowing elbows to flare out to sides. When slight stretch is felt in chest or shoulders, push body up until arms are straight. Repeat.                                                                                                                                                                                                                                        5
Stand on bench by straightening leg and pushing body upward. Step down returning foot off of bench to floor and repeat. Continue with opposite position.                                                                                                                                                                                                                                                   5
Pull forefoot of both feet up toward body as far as possible. Return by extending feet until toes are pointed downward. Repeat.                                                                                                                                                                                                                                                                            5
With elbows to side, raise bar until forearms are vertical. Lower until arms are fully extended. Repeat.                                                                                                                                                                                                                                                                                                   4
Pull body up until elbows are to sides. Lower body until arms and shoulders are fully extended. Repeat.                                                                                                                                                                                                                                                                                                    4
Name: count, dtype: int64
INFO - 
Target_Muscles
INFO - Target_Muscles
Gluteus Maximus,                                                   84
Quadriceps,                                                        57
Pectoralis Major Sternal,                                          49
Hip Flexors                                                        43
Triceps Brachii,                                                   38
Latissimus Dorsi, Teres Major, Lower Trapezius, Rhomboids,         38
Latissimus Dorsi, Lower Trapezius, Rhomboids, Middle Trapezius,    34
Hamstrings,                                                        31
Gastrocnemius,                                                     27
Anterior Deltoid,                                                  24
Posterior Deltoid,                                                 20
Tibialis Anterior,                                                 20
Lateral Deltoid,                                                   17
Pectoralis Major Clavicular,                                       14
Brachialis,                                                        12
Upper Trapezius, Levator Scapulae, Middle Trapezius,               12
Sternocleidomastoid,                                               11
Splenius,                                                           9
Biceps Brachii,                                                     9
Wrist Flexors,                                                      9
Name: count, dtype: int64
INFO - 
Synergist_Muscles
INFO - Synergist_Muscles
None,                                                                                                                                                                                                               59
Quadriceps, Adductor Magnus, Soleus,                                                                                                                                                                                47
Gluteus Maximus, Adductor Magnus, Soleus,                                                                                                                                                                           44
Trapezius, Middle, Trapezius, Lower, Rhomboids, Latissimus Dorsi, Teres Major, Deltoid, Posterior, Infraspinatus, Teres Minor, Brachialis, Brachioradialis, Pectoralis Major, Sternal,                              32
Soleus,                                                                                                                                                                                                             27
Pectoralis Major, Clavicular, Deltoid, Anterior, Triceps Brachii, Coracobrachialis,                                                                                                                                 26
Tensor Fasciae Latae, Pectineus, Sartorius, Adductor Longus, Adductor Brevis,                                                                                                                                       20
Brachialis, Brachioradialis, Teres Major, Deltoid, Posterior, Rhomboids, Levator Scapulae, Trapezius, Lower, Trapezius, Middle, Pectoralis Major, Sternal, Pectoralis Minor,                                        14
Deltoid, Anterior, Pectoralis Major, Sternal, Pectoralis Major, Clavicular, Pectoralis Minor, Rhomboids, Levator Scapulae, Latissimus Dorsi, Coracobrachialis,                                                      13
Biceps Brachii, Brachioradialis,                                                                                                                                                                                    12
Trapezius, Middle, Levator Scapulae,                                                                                                                                                                                12
Brachialis, Brachioradialis, Biceps Brachii, Teres Major, Deltoid, Posterior, Infraspinatus, Teres Minor, Coracobrachialis, Rhomboids, Levator Scapulae, Trapezius, Lower, Trapezius, Middle, Pectoralis Minor,     11
Deltoid, Anterior, Triceps Brachii, Pectoralis Major, Clavicular, Pectoralis Minor, Rhomboids, Levator Scapulae, Latissimus Dorsi, Teres Major, Coracobrachialis,                                                   11
Pectoralis Major, Sternal, Deltoid, Anterior, Triceps Brachii, Coracobrachialis,                                                                                                                                    11
Brachialis, Brachioradialis,                                                                                                                                                                                         8
Tensor Fasciae Latae, Sartorius, Pectineus, Rectus Femoris, Adductor Longus, Adductor Brevis,                                                                                                                        8
Pectoralis Major, Clavicular, Deltoid, Lateral, Coracobrachialis, Trapezius, Middle, Trapezius, Lower, Serratus Anterior, Inferior Digitations,                                                                      7
Pectoralis Major, Clavicular, Triceps Brachii, Deltoid, Lateral, Coracobrachialis, Trapezius, Middle, Trapezius, Lower, Serratus Anterior, Inferior Digitations,                                                     7
Deltoid, Anterior, Supraspinatus, Brachialis, Brachioradialis, Biceps Brachii, Trapezius, Middle, Trapezius, Lower, Serratus Anterior, Inferior Digitations, Infraspinatus, Teres Minor,                             7
Pectoralis Major, Clavicular,                                                                                                                                                                                        7
Name: count, dtype: int64
INFO - 
Stabilizer_Muscles
INFO - Stabilizer_Muscles
No significant stabilizers,                                                                                                               60
Erector Spinae,                                                                                                                           32
Trapezius, Upper, Levator Scapulae,                                                                                                       25
Trapezius, Lower,                                                                                                                         25
Erector Spinae, Gluteus Medius, Gluteus Minimus, Quadratus Lumborum, Obliques,                                                            15
Rectus Abdominis, Obliques,                                                                                                               14
Erector Spinae, Trapezius, Upper, Trapezius, Middle, Levator Scapulae,                                                                    10
Trapezius, Upper, Levator Scapulae, Wrist Extensors,                                                                                       9
Wrist Flexors,                                                                                                                             9
Gluteus Medius, Gluteus Minimus, Quadratus Lumborum, Obliques,                                                                             8
Rectus Abdominis, Obliques, Quadriceps,                                                                                                    7
Erector Spinae, Hamstrings, Gluteus Maximus, Adductor Magnus, Quadriceps,                                                                  7
Deltoid, Anterior, Triceps Brachii, Coracobrachialis,                                                                                      7
Obliques, Erector Spinae, Quadratus Lumborum, Gluteus Medius, Gluteus Minimus,                                                             7
Latissimus Dorsi, Teres Major, Wrist Extensors, Erector Spinae, Gluteus Maximus, Hamstrings,                                               6
Biceps Brachii, Brachialis, Triceps Brachii, Wrist Flexors,                                                                                6
Erector Spinae, Gluteus Medius, Gluteus Minimus,                                                                                           6
Erector Spinae, Trapezius, Upper, Trapezius, Middle, Levator Scapulae, Gluteus Medius, Gluteus Minimus, Quadratus Lumborum, Obliques,      6
Trapezius, Upper, Trapezius, Middle, Levator Scapulae,                                                                                     6
Gluteus Medius, Gluteus Minimus,                                                                                                           5
Name: count, dtype: int64
INFO - 
Antagonist_Muscles
INFO - Antagonist_Muscles
Rectus Abdominis, Obliques,                                         77
Erector Spinae,                                                     19
Rectus Abdominis,                                                   10
Rectus Abdominis, Obliques, Tibialis Anterior,                       8
Hamstrings,                                                          6
Tibialis Anterior,                                                   5
Triceps Brachii, Long Head,                                          4
Erector Spinae, Trapezius, Middle, Trapezius, Lower, Rhomboids,      3
Tibialis Anterior, Rectus Abdominis, Obliques,                       3
Tibialis Anterior, Rectus Femoris,                                   2
Tibialis Anterior,                                                   2
Hamstrings, Rectus Abdominis,                                        1
Rectus Abdominis, Obliques, Rectus Femoris, Tibialis Anterior,       1
Name: count, dtype: int64
INFO - 
Dynamic_Stabilizer_Muscles
INFO - Dynamic_Stabilizer_Muscles
Hamstrings, Gastrocnemius,                          91
Biceps Brachii, Short Head,                         40
Biceps Brachii, Triceps, Long Head,                 32
Biceps Brachii,                                     27
Triceps, Long Head,                                 22
Rectus Femoris,                                     21
Triceps, Long Head, Biceps Brachii,                 10
Hamstrings, Gastrocnemius (First Leg),               5
Hamstrings, Gastrocnemius (lead leg),                5
Hamstrings, Gastrocnemius (first leg),               4
Rectus Femoris, Hamstrings,                          3
Hamstrings (bottom half), Gastrocnemius,             2
Triceps, Long Head, Biceps Brachii, Short Head,      1
Hamstrings, Gastrocnemius (Lead Leg),                1
Hamstrings,                                          1
Name: count, dtype: int64
INFO - 
Main_muscle
INFO - Main_muscle
Hips          136
Back           97
Thighs         95
Chest          72
Shoulder       64
Upper Arms     59
Calves         51
Forearm        23
Neck           20
Name: count, dtype: int64
INFO - 
Secondary Muscles
INFO - Secondary Muscles
Quadriceps, Gluteus Maximus                                                55
Triceps Brachii, Anterior Deltoid                                          49
Biceps Brachii, Trapezius, Rhomboids                                       45
Rectus Abdominis, Hip Flexors                                              34
Quadriceps, Gluteus Maximus, Hamstrings                                    31
Quadriceps, Gluteus Maximus, Adductors                                     25
Gastrocnemius, Soleus                                                      24
Anterior Deltoid                                                           22
Biceps Brachii, Brachialis, Trapezius                                      21
Pectoralis Major Sternal, Pectoralis Major Clavicular, Anterior Deltoid    20
Brachialis, Brachioradialis                                                20
Tibialis Anterior                                                          20
Gluteus Maximus, Hamstrings                                                17
Brachioradialis                                                            16
Lateral Deltoid, Triceps Brachii                                           15
Hamstrings                                                                 14
Levator Scapulae                                                           12
Posterior Deltoid                                                          10
Anterior Deltoid, Serratus Anterior                                         9
Lateral Deltoid, Supraspinatus                                              9
Name: count, dtype: int64
INFO - Loading raw dataset...
INFO - Loaded 617 exercises.
INFO - Dataset shape: (617, 17)
INFO - Columns:
['Exercise Name', 'Equipment', 'Variation', 'Utility', 'Mechanics', 'Force', 'Preparation', 'Execution', 'Target_Muscles', 'Synergist_Muscles', 'Stabilizer_Muscles', 'Antagonist_Muscles', 'Dynamic_Stabilizer_Muscles', 'Main_muscle', 'Difficulty (1-5)', 'Secondary Muscles', 'parent_id']
INFO - Missing values:
Exercise Name                   0
Equipment                       0
Variation                       4
Utility                         0
Mechanics                       0
Force                           0
Preparation                     0
Execution                       0
Target_Muscles                  0
Synergist_Muscles               2
Stabilizer_Muscles            128
Antagonist_Muscles            476
Dynamic_Stabilizer_Muscles    352
Main_muscle                     0
Difficulty (1-5)                0
Secondary Muscles               1
parent_id                     456
dtype: int64
INFO - 
Exercise Name
INFO - Exercise Name
Squat                             17
Triceps Dip                        8
Chest Dip                          8
Step-up                            8
Split Squat                        8
Standing Calf Raise                8
Shoulder Press                     6
Triceps Extension                  6
Pull-up                            6
Shrug                              6
Incline Shoulder Raise             6
Lunge                              6
Rear Lunge                         6
Leg Presses                        6
Leg Presses:  Seated Leg Press     6
Single Leg Squat                   6
Reverse Calf Raise                 6
Neck Flexion                       5
Rear Delt Row                      5
Preacher Curl                      5
Name: count, dtype: int64
INFO - 
Equipment
INFO - Equipment
Cable                          101
Lever (selectorized)            80
Lever (plate loaded)            76
Body Weight                     76
Dumbbell                        62
Barbell                         57
Weighted                        34
Suspended                       31
Sled                            31
Smith                           21
Band-assisted                    7
Self-assisted                    6
Self-assisted\u200b\u200b\u200b\u200b\u200b\u200b\u200b             5
Lever (selectorized)\u200b\u200b\u200b\u200b\u200b\u200b\u200b      4
Assisted                         4
Assisted (machine)               3
Lever                            3
Assisted (partner)               2
Suspension                       2
Plyometric                       2
Name: count, dtype: int64
INFO - 
Variation
INFO - Variation
No     452
Yes    161
Name: count, dtype: int64
INFO - 
Utility
INFO - Utility
Auxiliary             213
Basic or Auxiliary    210
Basic                 192
Plyometric              2
Name: count, dtype: int64
INFO - 
Mechanics
INFO - Mechanics
Compound    313
Isolated    304
Name: count, dtype: int64
INFO - 
Force
INFO - Force
Pull           311
Push           305
Push & Pull      1
Name: count, dtype: int64
INFO - 
Preparation
INFO - Preparation
Step up and grasp bar with overhand wide grip.                                                                                                                                       7
Position thighs prone on padding. Hook heels under platform lip or padded brace. Hold weight to chest or behind neck.                                                                7
Sit on seat and position chest against pad. Grasp lever handles with underhand grip.                                                                                                 6
Grasp suspension handles and position bent elbows to each sides of waist.                                                                                                            6
Stand with dumbbells grasped to sides.                                                                                                                                               6
Set and grasp lever handles to each side with overhand grip.                                                                                                                         4
Stand between two very low pulleys with shoulder width or narrower stance. Squat down and grasp stirrup attachments to each side. Stand upright with arms straight down to sides.    4
Sit on machine with back on padded support. Place feet slightly high on platform. Extend hips and knees. Release dock lever and grasp handles to sides.                              4
Sit on machine with back on padded support. Place feet slightly high on platform. Grasp handles to sides.                                                                            4
Sit on machine with back on padded support. Place feet on platform. Extend hips and knees. Release dock lever and grasp handles to sides.                                            4
Sit on machine with back on padded support. Place feet on platform. Grasp handles to sides.                                                                                          4
Place seat at low position. Sit on seat with chest against pad and grasp upper handles.                                                                                              3
Sit on seat. Grasp handles and place back of upper arms parallel on padding with elbows approximately in line with lever's fulcrum.                                                  3
Sit on seat and position chest against pad. Grasp lever handles with overhand grip.                                                                                                  3
Step up and grasp bar with underhand shoulder width grip.                                                                                                                            3
Lie supine on bench with chest under lever bar. Grasp lever bar with wide oblique overhand grip.                                                                                     3
Sit on seat with lever grips lower chest height. Grasp grips with wide overhand grip; elbows out to sides just below shoulders.                                                      3
Stand facing side of bench. Position bar on back of shoulders and grasp barbell to sides.                                                                                            3
Stand with hands on hips or in front of body.                                                                                                                                        3
Stand with arms extended out in front. Balance on one leg with opposite leg extended forward off of ground.                                                                          3
Name: count, dtype: int64
INFO - 
Execution
INFO - Execution
Raise heels by extending ankles as high as possible. Lower heels by bending ankles until calves are stretched. Repeat.                                                                                                                                                                                                                                                                                    14
Pull levers back until elbows are behind back and shoulders are pulled back. Return until arms are extended and shoulders are stretched forward. Repeat.                                                                                                                                                                                                                                                   8
Pull body up until chin is above bar. Lower body until arms and shoulders are fully extended. Repeat.                                                                                                                                                                                                                                                                                                      8
Elevate shoulders as high as possible. Lower and repeat.                                                                                                                                                                                                                                                                                                                                                   8
Step back with one leg while bending supporting leg. Plant forefoot far back on floor. Lower body by flexing knee and hip of supporting leg until knee of rear leg is almost in contact with floor. Return to original standing position by extending hip and knee of forward supporting leg and return rear leg next to supporting leg. Repeat movement with opposite legs alternating between sides.     7
Keeping body straight, lower body to floor by bending arms. Push body up until arms are extended. Repeat.                                                                                                                                                                                                                                                                                                  6
Pull body up until elbow are to sides. Lower body until arms and shoulders are fully extended. Repeat.                                                                                                                                                                                                                                                                                                     6
Pull handles apart from each side, while keeping fixed elbow position and body and legs straight throughout movement. Raise forward so handles are to each side of body. Return back until handles come back together in front of body. Repeat.                                                                                                                                                            6
Press lever until arms are extended. Return weight until chest muscles are slightly stretched. Repeat.                                                                                                                                                                                                                                                                                                     6
Lunge forward with first leg. Land on heel, then forefoot. Lower body by flexing knee and hip of front leg until knee of rear leg is almost in contact with floor. Return to original standing position by forcibly extending hip and knee of forward leg. Repeat by alternating lunge with opposite leg.                                                                                                  6
Squat down by flexing knee and hip of front leg. Allow heel of rear foot to rise up while knee of rear leg bends slightly until it almost makes contact with floor. Return to original standing position by extending hip and knee of forward leg. Repeat. Continue with opposite leg.                                                                                                                     6
From upright position, lower body by straightening knees until body is horizontal. Continue to lower torso by bending hips until body is upside down. Raise torso by extending hips until fully extended. Continue to raise body by flexing knees until body is upright. Repeat.                                                                                                                           6
Pull forefoot back toward body as far as possible while pushing platform with heels. Return feet down to platform and repeat.                                                                                                                                                                                                                                                                              6
Lower body until slight stretch is felt in shoulders. Push body up until arms are straight. Repeat.                                                                                                                                                                                                                                                                                                        5
Pull lever back until elbows are behind back and shoulders are pulled back. Return until arms are extended and shoulders are stretched forward. Repeat.                                                                                                                                                                                                                                                    5
Lower body by bending arms, allowing elbows to flare out to sides. When slight stretch is felt in chest or shoulders, push body up until arms are straight. Repeat.                                                                                                                                                                                                                                        5
Stand on bench by straightening leg and pushing body upward. Step down returning foot off of bench to floor and repeat. Continue with opposite position.                                                                                                                                                                                                                                                   5
Pull forefoot of both feet up toward body as far as possible. Return by extending feet until toes are pointed downward. Repeat.                                                                                                                                                                                                                                                                            5
With elbows to side, raise bar until forearms are vertical. Lower until arms are fully extended. Repeat.                                                                                                                                                                                                                                                                                                   4
Pull body up until elbows are to sides. Lower body until arms and shoulders are fully extended. Repeat.                                                                                                                                                                                                                                                                                                    4
Name: count, dtype: int64
INFO - 
Target_Muscles
INFO - Target_Muscles
Gluteus Maximus,                                                   84
Quadriceps,                                                        57
Pectoralis Major Sternal,                                          49
Hip Flexors                                                        43
Triceps Brachii,                                                   38
Latissimus Dorsi, Teres Major, Lower Trapezius, Rhomboids,         38
Latissimus Dorsi, Lower Trapezius, Rhomboids, Middle Trapezius,    34
Hamstrings,                                                        31
Gastrocnemius,                                                     27
Anterior Deltoid,                                                  24
Posterior Deltoid,                                                 20
Tibialis Anterior,                                                 20
Lateral Deltoid,                                                   17
Pectoralis Major Clavicular,                                       14
Brachialis,                                                        12
Upper Trapezius, Levator Scapulae, Middle Trapezius,               12
Sternocleidomastoid,                                               11
Splenius,                                                           9
Biceps Brachii,                                                     9
Wrist Flexors,                                                      9
Name: count, dtype: int64
INFO - 
Synergist_Muscles
INFO - Synergist_Muscles
None,                                                                                                                                                                                                               59
Quadriceps, Adductor Magnus, Soleus,                                                                                                                                                                                47
Gluteus Maximus, Adductor Magnus, Soleus,                                                                                                                                                                           44
Trapezius, Middle, Trapezius, Lower, Rhomboids, Latissimus Dorsi, Teres Major, Deltoid, Posterior, Infraspinatus, Teres Minor, Brachialis, Brachioradialis, Pectoralis Major, Sternal,                              32
Soleus,                                                                                                                                                                                                             27
Pectoralis Major, Clavicular, Deltoid, Anterior, Triceps Brachii, Coracobrachialis,                                                                                                                                 26
Tensor Fasciae Latae, Pectineus, Sartorius, Adductor Longus, Adductor Brevis,                                                                                                                                       20
Brachialis, Brachioradialis, Teres Major, Deltoid, Posterior, Rhomboids, Levator Scapulae, Trapezius, Lower, Trapezius, Middle, Pectoralis Major, Sternal, Pectoralis Minor,                                        14
Deltoid, Anterior, Pectoralis Major, Sternal, Pectoralis Major, Clavicular, Pectoralis Minor, Rhomboids, Levator Scapulae, Latissimus Dorsi, Coracobrachialis,                                                      13
Biceps Brachii, Brachioradialis,                                                                                                                                                                                    12
Trapezius, Middle, Levator Scapulae,                                                                                                                                                                                12
Brachialis, Brachioradialis, Biceps Brachii, Teres Major, Deltoid, Posterior, Infraspinatus, Teres Minor, Coracobrachialis, Rhomboids, Levator Scapulae, Trapezius, Lower, Trapezius, Middle, Pectoralis Minor,     11
Deltoid, Anterior, Triceps Brachii, Pectoralis Major, Clavicular, Pectoralis Minor, Rhomboids, Levator Scapulae, Latissimus Dorsi, Teres Major, Coracobrachialis,                                                   11
Pectoralis Major, Sternal, Deltoid, Anterior, Triceps Brachii, Coracobrachialis,                                                                                                                                    11
Brachialis, Brachioradialis,                                                                                                                                                                                         8
Tensor Fasciae Latae, Sartorius, Pectineus, Rectus Femoris, Adductor Longus, Adductor Brevis,                                                                                                                        8
Pectoralis Major, Clavicular, Deltoid, Lateral, Coracobrachialis, Trapezius, Middle, Trapezius, Lower, Serratus Anterior, Inferior Digitations,                                                                      7
Pectoralis Major, Clavicular, Triceps Brachii, Deltoid, Lateral, Coracobrachialis, Trapezius, Middle, Trapezius, Lower, Serratus Anterior, Inferior Digitations,                                                     7
Deltoid, Anterior, Supraspinatus, Brachialis, Brachioradialis, Biceps Brachii, Trapezius, Middle, Trapezius, Lower, Serratus Anterior, Inferior Digitations, Infraspinatus, Teres Minor,                             7
Pectoralis Major, Clavicular,                                                                                                                                                                                        7
Name: count, dtype: int64
INFO - 
Stabilizer_Muscles
INFO - Stabilizer_Muscles
No significant stabilizers,                                                                                                               60
Erector Spinae,                                                                                                                           32
Trapezius, Upper, Levator Scapulae,                                                                                                       25
Trapezius, Lower,                                                                                                                         25
Erector Spinae, Gluteus Medius, Gluteus Minimus, Quadratus Lumborum, Obliques,                                                            15
Rectus Abdominis, Obliques,                                                                                                               14
Erector Spinae, Trapezius, Upper, Trapezius, Middle, Levator Scapulae,                                                                    10
Trapezius, Upper, Levator Scapulae, Wrist Extensors,                                                                                       9
Wrist Flexors,                                                                                                                             9
Gluteus Medius, Gluteus Minimus, Quadratus Lumborum, Obliques,                                                                             8
Rectus Abdominis, Obliques, Quadriceps,                                                                                                    7
Erector Spinae, Hamstrings, Gluteus Maximus, Adductor Magnus, Quadriceps,                                                                  7
Deltoid, Anterior, Triceps Brachii, Coracobrachialis,                                                                                      7
Obliques, Erector Spinae, Quadratus Lumborum, Gluteus Medius, Gluteus Minimus,                                                             7
Latissimus Dorsi, Teres Major, Wrist Extensors, Erector Spinae, Gluteus Maximus, Hamstrings,                                               6
Biceps Brachii, Brachialis, Triceps Brachii, Wrist Flexors,                                                                                6
Erector Spinae, Gluteus Medius, Gluteus Minimus,                                                                                           6
Erector Spinae, Trapezius, Upper, Trapezius, Middle, Levator Scapulae, Gluteus Medius, Gluteus Minimus, Quadratus Lumborum, Obliques,      6
Trapezius, Upper, Trapezius, Middle, Levator Scapulae,                                                                                     6
Gluteus Medius, Gluteus Minimus,                                                                                                           5
Name: count, dtype: int64
INFO - 
Antagonist_Muscles
INFO - Antagonist_Muscles
Rectus Abdominis, Obliques,                                         77
Erector Spinae,                                                     19
Rectus Abdominis,                                                   10
Rectus Abdominis, Obliques, Tibialis Anterior,                       8
Hamstrings,                                                          6
Tibialis Anterior,                                                   5
Triceps Brachii, Long Head,                                          4
Erector Spinae, Trapezius, Middle, Trapezius, Lower, Rhomboids,      3
Tibialis Anterior, Rectus Abdominis, Obliques,                       3
Tibialis Anterior, Rectus Femoris,                                   2
Tibialis Anterior,                                                   2
Hamstrings, Rectus Abdominis,                                        1
Rectus Abdominis, Obliques, Rectus Femoris, Tibialis Anterior,       1
Name: count, dtype: int64
INFO - 
Dynamic_Stabilizer_Muscles
INFO - Dynamic_Stabilizer_Muscles
Hamstrings, Gastrocnemius,                          91
Biceps Brachii, Short Head,                         40
Biceps Brachii, Triceps, Long Head,                 32
Biceps Brachii,                                     27
Triceps, Long Head,                                 22
Rectus Femoris,                                     21
Triceps, Long Head, Biceps Brachii,                 10
Hamstrings, Gastrocnemius (First Leg),               5
Hamstrings, Gastrocnemius (lead leg),                5
Hamstrings, Gastrocnemius (first leg),               4
Rectus Femoris, Hamstrings,                          3
Hamstrings (bottom half), Gastrocnemius,             2
Triceps, Long Head, Biceps Brachii, Short Head,      1
Hamstrings, Gastrocnemius (Lead Leg),                1
Hamstrings,                                          1
Name: count, dtype: int64
INFO - 
Main_muscle
INFO - Main_muscle
Hips          136
Back           97
Thighs         95
Chest          72
Shoulder       64
Upper Arms     59
Calves         51
Forearm        23
Neck           20
Name: count, dtype: int64
INFO - 
Secondary Muscles
INFO - Secondary Muscles
Quadriceps, Gluteus Maximus                                                55
Triceps Brachii, Anterior Deltoid                                          49
Biceps Brachii, Trapezius, Rhomboids                                       45
Rectus Abdominis, Hip Flexors                                              34
Quadriceps, Gluteus Maximus, Hamstrings                                    31
Quadriceps, Gluteus Maximus, Adductors                                     25
Gastrocnemius, Soleus                                                      24
Anterior Deltoid                                                           22
Biceps Brachii, Brachialis, Trapezius                                      21
Pectoralis Major Sternal, Pectoralis Major Clavicular, Anterior Deltoid    20
Brachialis, Brachioradialis                                                20
Tibialis Anterior                                                          20
Gluteus Maximus, Hamstrings                                                17
Brachioradialis                                                            16
Lateral Deltoid, Triceps Brachii                                           15
Hamstrings                                                                 14
Levator Scapulae                                                           12
Posterior Deltoid                                                          10
Anterior Deltoid, Serratus Anterior                                         9
Lateral Deltoid, Supraspinatus                                              9
Name: count, dtype: int64
INFO - 0      False
1      False
2      False
3      False
4      False
       ...  
612    False
613    False
614    False
615    False
616    False
Name: Exercise Name, Length: 617, dtype: bool
INFO - Loading raw dataset...
INFO - Loaded 617 exercises.
INFO - Dataset shape: (617, 17)
INFO - Columns:
['Exercise Name', 'Equipment', 'Variation', 'Utility', 'Mechanics', 'Force', 'Preparation', 'Execution', 'Target_Muscles', 'Synergist_Muscles', 'Stabilizer_Muscles', 'Antagonist_Muscles', 'Dynamic_Stabilizer_Muscles', 'Main_muscle', 'Difficulty (1-5)', 'Secondary Muscles', 'parent_id']
INFO - Missing values:
Exercise Name                   0
Equipment                       0
Variation                       4
Utility                         0
Mechanics                       0
Force                           0
Preparation                     0
Execution                       0
Target_Muscles                  0
Synergist_Muscles               2
Stabilizer_Muscles            128
Antagonist_Muscles            476
Dynamic_Stabilizer_Muscles    352
Main_muscle                     0
Difficulty (1-5)                0
Secondary Muscles               1
parent_id                     456
dtype: int64
INFO - 
Exercise Name
INFO - Exercise Name
Squat                             17
Triceps Dip                        8
Chest Dip                          8
Step-up                            8
Split Squat                        8
Standing Calf Raise                8
Shoulder Press                     6
Triceps Extension                  6
Pull-up                            6
Shrug                              6
Incline Shoulder Raise             6
Lunge                              6
Rear Lunge                         6
Leg Presses                        6
Leg Presses:  Seated Leg Press     6
Single Leg Squat                   6
Reverse Calf Raise                 6
Neck Flexion                       5
Rear Delt Row                      5
Preacher Curl                      5
Name: count, dtype: int64
INFO - 
Equipment
INFO - Equipment
Cable                          101
Lever (selectorized)            80
Lever (plate loaded)            76
Body Weight                     76
Dumbbell                        62
Barbell                         57
Weighted                        34
Suspended                       31
Sled                            31
Smith                           21
Band-assisted                    7
Self-assisted                    6
Self-assisted\u200b\u200b\u200b\u200b\u200b\u200b\u200b             5
Lever (selectorized)\u200b\u200b\u200b\u200b\u200b\u200b\u200b      4
Assisted                         4
Assisted (machine)               3
Lever                            3
Assisted (partner)               2
Suspension                       2
Plyometric                       2
Name: count, dtype: int64
INFO - 
Variation
INFO - Variation
No     452
Yes    161
Name: count, dtype: int64
INFO - 
Utility
INFO - Utility
Auxiliary             213
Basic or Auxiliary    210
Basic                 192
Plyometric              2
Name: count, dtype: int64
INFO - 
Mechanics
INFO - Mechanics
Compound    313
Isolated    304
Name: count, dtype: int64
INFO - 
Force
INFO - Force
Pull           311
Push           305
Push & Pull      1
Name: count, dtype: int64
INFO - 
Preparation
INFO - Preparation
Step up and grasp bar with overhand wide grip.                                                                                                                                       7
Position thighs prone on padding. Hook heels under platform lip or padded brace. Hold weight to chest or behind neck.                                                                7
Sit on seat and position chest against pad. Grasp lever handles with underhand grip.                                                                                                 6
Grasp suspension handles and position bent elbows to each sides of waist.                                                                                                            6
Stand with dumbbells grasped to sides.                                                                                                                                               6
Set and grasp lever handles to each side with overhand grip.                                                                                                                         4
Stand between two very low pulleys with shoulder width or narrower stance. Squat down and grasp stirrup attachments to each side. Stand upright with arms straight down to sides.    4
Sit on machine with back on padded support. Place feet slightly high on platform. Extend hips and knees. Release dock lever and grasp handles to sides.                              4
Sit on machine with back on padded support. Place feet slightly high on platform. Grasp handles to sides.                                                                            4
Sit on machine with back on padded support. Place feet on platform. Extend hips and knees. Release dock lever and grasp handles to sides.                                            4
Sit on machine with back on padded support. Place feet on platform. Grasp handles to sides.                                                                                          4
Place seat at low position. Sit on seat with chest against pad and grasp upper handles.                                                                                              3
Sit on seat. Grasp handles and place back of upper arms parallel on padding with elbows approximately in line with lever's fulcrum.                                                  3
Sit on seat and position chest against pad. Grasp lever handles with overhand grip.                                                                                                  3
Step up and grasp bar with underhand shoulder width grip.                                                                                                                            3
Lie supine on bench with chest under lever bar. Grasp lever bar with wide oblique overhand grip.                                                                                     3
Sit on seat with lever grips lower chest height. Grasp grips with wide overhand grip; elbows out to sides just below shoulders.                                                      3
Stand facing side of bench. Position bar on back of shoulders and grasp barbell to sides.                                                                                            3
Stand with hands on hips or in front of body.                                                                                                                                        3
Stand with arms extended out in front. Balance on one leg with opposite leg extended forward off of ground.                                                                          3
Name: count, dtype: int64
INFO - 
Execution
INFO - Execution
Raise heels by extending ankles as high as possible. Lower heels by bending ankles until calves are stretched. Repeat.                                                                                                                                                                                                                                                                                    14
Pull levers back until elbows are behind back and shoulders are pulled back. Return until arms are extended and shoulders are stretched forward. Repeat.                                                                                                                                                                                                                                                   8
Pull body up until chin is above bar. Lower body until arms and shoulders are fully extended. Repeat.                                                                                                                                                                                                                                                                                                      8
Elevate shoulders as high as possible. Lower and repeat.                                                                                                                                                                                                                                                                                                                                                   8
Step back with one leg while bending supporting leg. Plant forefoot far back on floor. Lower body by flexing knee and hip of supporting leg until knee of rear leg is almost in contact with floor. Return to original standing position by extending hip and knee of forward supporting leg and return rear leg next to supporting leg. Repeat movement with opposite legs alternating between sides.     7
Keeping body straight, lower body to floor by bending arms. Push body up until arms are extended. Repeat.                                                                                                                                                                                                                                                                                                  6
Pull body up until elbow are to sides. Lower body until arms and shoulders are fully extended. Repeat.                                                                                                                                                                                                                                                                                                     6
Pull handles apart from each side, while keeping fixed elbow position and body and legs straight throughout movement. Raise forward so handles are to each side of body. Return back until handles come back together in front of body. Repeat.                                                                                                                                                            6
Press lever until arms are extended. Return weight until chest muscles are slightly stretched. Repeat.                                                                                                                                                                                                                                                                                                     6
Lunge forward with first leg. Land on heel, then forefoot. Lower body by flexing knee and hip of front leg until knee of rear leg is almost in contact with floor. Return to original standing position by forcibly extending hip and knee of forward leg. Repeat by alternating lunge with opposite leg.                                                                                                  6
Squat down by flexing knee and hip of front leg. Allow heel of rear foot to rise up while knee of rear leg bends slightly until it almost makes contact with floor. Return to original standing position by extending hip and knee of forward leg. Repeat. Continue with opposite leg.                                                                                                                     6
From upright position, lower body by straightening knees until body is horizontal. Continue to lower torso by bending hips until body is upside down. Raise torso by extending hips until fully extended. Continue to raise body by flexing knees until body is upright. Repeat.                                                                                                                           6
Pull forefoot back toward body as far as possible while pushing platform with heels. Return feet down to platform and repeat.                                                                                                                                                                                                                                                                              6
Lower body until slight stretch is felt in shoulders. Push body up until arms are straight. Repeat.                                                                                                                                                                                                                                                                                                        5
Pull lever back until elbows are behind back and shoulders are pulled back. Return until arms are extended and shoulders are stretched forward. Repeat.                                                                                                                                                                                                                                                    5
Lower body by bending arms, allowing elbows to flare out to sides. When slight stretch is felt in chest or shoulders, push body up until arms are straight. Repeat.                                                                                                                                                                                                                                        5
Stand on bench by straightening leg and pushing body upward. Step down returning foot off of bench to floor and repeat. Continue with opposite position.                                                                                                                                                                                                                                                   5
Pull forefoot of both feet up toward body as far as possible. Return by extending feet until toes are pointed downward. Repeat.                                                                                                                                                                                                                                                                            5
With elbows to side, raise bar until forearms are vertical. Lower until arms are fully extended. Repeat.                                                                                                                                                                                                                                                                                                   4
Pull body up until elbows are to sides. Lower body until arms and shoulders are fully extended. Repeat.                                                                                                                                                                                                                                                                                                    4
Name: count, dtype: int64
INFO - 
Target_Muscles
INFO - Target_Muscles
Gluteus Maximus,                                                   84
Quadriceps,                                                        57
Pectoralis Major Sternal,                                          49
Hip Flexors                                                        43
Triceps Brachii,                                                   38
Latissimus Dorsi, Teres Major, Lower Trapezius, Rhomboids,         38
Latissimus Dorsi, Lower Trapezius, Rhomboids, Middle Trapezius,    34
Hamstrings,                                                        31
Gastrocnemius,                                                     27
Anterior Deltoid,                                                  24
Posterior Deltoid,                                                 20
Tibialis Anterior,                                                 20
Lateral Deltoid,                                                   17
Pectoralis Major Clavicular,                                       14
Brachialis,                                                        12
Upper Trapezius, Levator Scapulae, Middle Trapezius,               12
Sternocleidomastoid,                                               11
Splenius,                                                           9
Biceps Brachii,                                                     9
Wrist Flexors,                                                      9
Name: count, dtype: int64
INFO - 
Synergist_Muscles
INFO - Synergist_Muscles
None,                                                                                                                                                                                                               59
Quadriceps, Adductor Magnus, Soleus,                                                                                                                                                                                47
Gluteus Maximus, Adductor Magnus, Soleus,                                                                                                                                                                           44
Trapezius, Middle, Trapezius, Lower, Rhomboids, Latissimus Dorsi, Teres Major, Deltoid, Posterior, Infraspinatus, Teres Minor, Brachialis, Brachioradialis, Pectoralis Major, Sternal,                              32
Soleus,                                                                                                                                                                                                             27
Pectoralis Major, Clavicular, Deltoid, Anterior, Triceps Brachii, Coracobrachialis,                                                                                                                                 26
Tensor Fasciae Latae, Pectineus, Sartorius, Adductor Longus, Adductor Brevis,                                                                                                                                       20
Brachialis, Brachioradialis, Teres Major, Deltoid, Posterior, Rhomboids, Levator Scapulae, Trapezius, Lower, Trapezius, Middle, Pectoralis Major, Sternal, Pectoralis Minor,                                        14
Deltoid, Anterior, Pectoralis Major, Sternal, Pectoralis Major, Clavicular, Pectoralis Minor, Rhomboids, Levator Scapulae, Latissimus Dorsi, Coracobrachialis,                                                      13
Biceps Brachii, Brachioradialis,                                                                                                                                                                                    12
Trapezius, Middle, Levator Scapulae,                                                                                                                                                                                12
Brachialis, Brachioradialis, Biceps Brachii, Teres Major, Deltoid, Posterior, Infraspinatus, Teres Minor, Coracobrachialis, Rhomboids, Levator Scapulae, Trapezius, Lower, Trapezius, Middle, Pectoralis Minor,     11
Deltoid, Anterior, Triceps Brachii, Pectoralis Major, Clavicular, Pectoralis Minor, Rhomboids, Levator Scapulae, Latissimus Dorsi, Teres Major, Coracobrachialis,                                                   11
Pectoralis Major, Sternal, Deltoid, Anterior, Triceps Brachii, Coracobrachialis,                                                                                                                                    11
Brachialis, Brachioradialis,                                                                                                                                                                                         8
Tensor Fasciae Latae, Sartorius, Pectineus, Rectus Femoris, Adductor Longus, Adductor Brevis,                                                                                                                        8
Pectoralis Major, Clavicular, Deltoid, Lateral, Coracobrachialis, Trapezius, Middle, Trapezius, Lower, Serratus Anterior, Inferior Digitations,                                                                      7
Pectoralis Major, Clavicular, Triceps Brachii, Deltoid, Lateral, Coracobrachialis, Trapezius, Middle, Trapezius, Lower, Serratus Anterior, Inferior Digitations,                                                     7
Deltoid, Anterior, Supraspinatus, Brachialis, Brachioradialis, Biceps Brachii, Trapezius, Middle, Trapezius, Lower, Serratus Anterior, Inferior Digitations, Infraspinatus, Teres Minor,                             7
Pectoralis Major, Clavicular,                                                                                                                                                                                        7
Name: count, dtype: int64
INFO - 
Stabilizer_Muscles
INFO - Stabilizer_Muscles
No significant stabilizers,                                                                                                               60
Erector Spinae,                                                                                                                           32
Trapezius, Upper, Levator Scapulae,                                                                                                       25
Trapezius, Lower,                                                                                                                         25
Erector Spinae, Gluteus Medius, Gluteus Minimus, Quadratus Lumborum, Obliques,                                                            15
Rectus Abdominis, Obliques,                                                                                                               14
Erector Spinae, Trapezius, Upper, Trapezius, Middle, Levator Scapulae,                                                                    10
Trapezius, Upper, Levator Scapulae, Wrist Extensors,                                                                                       9
Wrist Flexors,                                                                                                                             9
Gluteus Medius, Gluteus Minimus, Quadratus Lumborum, Obliques,                                                                             8
Rectus Abdominis, Obliques, Quadriceps,                                                                                                    7
Erector Spinae, Hamstrings, Gluteus Maximus, Adductor Magnus, Quadriceps,                                                                  7
Deltoid, Anterior, Triceps Brachii, Coracobrachialis,                                                                                      7
Obliques, Erector Spinae, Quadratus Lumborum, Gluteus Medius, Gluteus Minimus,                                                             7
Latissimus Dorsi, Teres Major, Wrist Extensors, Erector Spinae, Gluteus Maximus, Hamstrings,                                               6
Biceps Brachii, Brachialis, Triceps Brachii, Wrist Flexors,                                                                                6
Erector Spinae, Gluteus Medius, Gluteus Minimus,                                                                                           6
Erector Spinae, Trapezius, Upper, Trapezius, Middle, Levator Scapulae, Gluteus Medius, Gluteus Minimus, Quadratus Lumborum, Obliques,      6
Trapezius, Upper, Trapezius, Middle, Levator Scapulae,                                                                                     6
Gluteus Medius, Gluteus Minimus,                                                                                                           5
Name: count, dtype: int64
INFO - 
Antagonist_Muscles
INFO - Antagonist_Muscles
Rectus Abdominis, Obliques,                                         77
Erector Spinae,                                                     19
Rectus Abdominis,                                                   10
Rectus Abdominis, Obliques, Tibialis Anterior,                       8
Hamstrings,                                                          6
Tibialis Anterior,                                                   5
Triceps Brachii, Long Head,                                          4
Erector Spinae, Trapezius, Middle, Trapezius, Lower, Rhomboids,      3
Tibialis Anterior, Rectus Abdominis, Obliques,                       3
Tibialis Anterior, Rectus Femoris,                                   2
Tibialis Anterior,                                                   2
Hamstrings, Rectus Abdominis,                                        1
Rectus Abdominis, Obliques, Rectus Femoris, Tibialis Anterior,       1
Name: count, dtype: int64
INFO - 
Dynamic_Stabilizer_Muscles
INFO - Dynamic_Stabilizer_Muscles
Hamstrings, Gastrocnemius,                          91
Biceps Brachii, Short Head,                         40
Biceps Brachii, Triceps, Long Head,                 32
Biceps Brachii,                                     27
Triceps, Long Head,                                 22
Rectus Femoris,                                     21
Triceps, Long Head, Biceps Brachii,                 10
Hamstrings, Gastrocnemius (First Leg),               5
Hamstrings, Gastrocnemius (lead leg),                5
Hamstrings, Gastrocnemius (first leg),               4
Rectus Femoris, Hamstrings,                          3
Hamstrings (bottom half), Gastrocnemius,             2
Triceps, Long Head, Biceps Brachii, Short Head,      1
Hamstrings, Gastrocnemius (Lead Leg),                1
Hamstrings,                                          1
Name: count, dtype: int64
INFO - 
Main_muscle
INFO - Main_muscle
Hips          136
Back           97
Thighs         95
Chest          72
Shoulder       64
Upper Arms     59
Calves         51
Forearm        23
Neck           20
Name: count, dtype: int64
INFO - 
Secondary Muscles
INFO - Secondary Muscles
Quadriceps, Gluteus Maximus                                                55
Triceps Brachii, Anterior Deltoid                                          49
Biceps Brachii, Trapezius, Rhomboids                                       45
Rectus Abdominis, Hip Flexors                                              34
Quadriceps, Gluteus Maximus, Hamstrings                                    31
Quadriceps, Gluteus Maximus, Adductors                                     25
Gastrocnemius, Soleus                                                      24
Anterior Deltoid                                                           22
Biceps Brachii, Brachialis, Trapezius                                      21
Pectoralis Major Sternal, Pectoralis Major Clavicular, Anterior Deltoid    20
Brachialis, Brachioradialis                                                20
Tibialis Anterior                                                          20
Gluteus Maximus, Hamstrings                                                17
Brachioradialis                                                            16
Lateral Deltoid, Triceps Brachii                                           15
Hamstrings                                                                 14
Levator Scapulae                                                           12
Posterior Deltoid                                                          10
Anterior Deltoid, Serratus Anterior                                         9
Lateral Deltoid, Supraspinatus                                              9
Name: count, dtype: int64
INFO - 0      False
1      False
2      False
3      False
4      False
       ...  
612    False
613    False
614    False
615    False
616    False
Name: Exercise Name, Length: 617, dtype: bool
INFO - Loading raw dataset...
INFO - Loaded 617 exercises.
INFO - Dataset shape: (617, 17)
INFO - Columns:
['Exercise Name', 'Equipment', 'Variation', 'Utility', 'Mechanics', 'Force', 'Preparation', 'Execution', 'Target_Muscles', 'Synergist_Muscles', 'Stabilizer_Muscles', 'Antagonist_Muscles', 'Dynamic_Stabilizer_Muscles', 'Main_muscle', 'Difficulty (1-5)', 'Secondary Muscles', 'parent_id']
INFO - Missing values:
Exercise Name                   0
Equipment                       0
Variation                       4
Utility                         0
Mechanics                       0
Force                           0
Preparation                     0
Execution                       0
Target_Muscles                  0
Synergist_Muscles               2
Stabilizer_Muscles            128
Antagonist_Muscles            476
Dynamic_Stabilizer_Muscles    352
Main_muscle                     0
Difficulty (1-5)                0
Secondary Muscles               1
parent_id                     456
dtype: int64
INFO - 
Exercise Name
INFO - Exercise Name
Squat                             17
Triceps Dip                        8
Chest Dip                          8
Step-up                            8
Split Squat                        8
Standing Calf Raise                8
Shoulder Press                     6
Triceps Extension                  6
Pull-up                            6
Shrug                              6
Incline Shoulder Raise             6
Lunge                              6
Rear Lunge                         6
Leg Presses                        6
Leg Presses:  Seated Leg Press     6
Single Leg Squat                   6
Reverse Calf Raise                 6
Neck Flexion                       5
Rear Delt Row                      5
Preacher Curl                      5
Name: count, dtype: int64
INFO - 
Equipment
INFO - Equipment
Cable                          101
Lever (selectorized)            80
Lever (plate loaded)            76
Body Weight                     76
Dumbbell                        62
Barbell                         57
Weighted                        34
Suspended                       31
Sled                            31
Smith                           21
Band-assisted                    7
Self-assisted                    6
Self-assisted\u200b\u200b\u200b\u200b\u200b\u200b\u200b             5
Lever (selectorized)\u200b\u200b\u200b\u200b\u200b\u200b\u200b      4
Assisted                         4
Assisted (machine)               3
Lever                            3
Assisted (partner)               2
Suspension                       2
Plyometric                       2
Name: count, dtype: int64
INFO - 
Variation
INFO - Variation
No     452
Yes    161
Name: count, dtype: int64
INFO - 
Utility
INFO - Utility
Auxiliary             213
Basic or Auxiliary    210
Basic                 192
Plyometric              2
Name: count, dtype: int64
INFO - 
Mechanics
INFO - Mechanics
Compound    313
Isolated    304
Name: count, dtype: int64
INFO - 
Force
INFO - Force
Pull           311
Push           305
Push & Pull      1
Name: count, dtype: int64
INFO - 
Preparation
INFO - Preparation
Step up and grasp bar with overhand wide grip.                                                                                                                                       7
Position thighs prone on padding. Hook heels under platform lip or padded brace. Hold weight to chest or behind neck.                                                                7
Sit on seat and position chest against pad. Grasp lever handles with underhand grip.                                                                                                 6
Grasp suspension handles and position bent elbows to each sides of waist.                                                                                                            6
Stand with dumbbells grasped to sides.                                                                                                                                               6
Set and grasp lever handles to each side with overhand grip.                                                                                                                         4
Stand between two very low pulleys with shoulder width or narrower stance. Squat down and grasp stirrup attachments to each side. Stand upright with arms straight down to sides.    4
Sit on machine with back on padded support. Place feet slightly high on platform. Extend hips and knees. Release dock lever and grasp handles to sides.                              4
Sit on machine with back on padded support. Place feet slightly high on platform. Grasp handles to sides.                                                                            4
Sit on machine with back on padded support. Place feet on platform. Extend hips and knees. Release dock lever and grasp handles to sides.                                            4
Sit on machine with back on padded support. Place feet on platform. Grasp handles to sides.                                                                                          4
Place seat at low position. Sit on seat with chest against pad and grasp upper handles.                                                                                              3
Sit on seat. Grasp handles and place back of upper arms parallel on padding with elbows approximately in line with lever's fulcrum.                                                  3
Sit on seat and position chest against pad. Grasp lever handles with overhand grip.                                                                                                  3
Step up and grasp bar with underhand shoulder width grip.                                                                                                                            3
Lie supine on bench with chest under lever bar. Grasp lever bar with wide oblique overhand grip.                                                                                     3
Sit on seat with lever grips lower chest height. Grasp grips with wide overhand grip; elbows out to sides just below shoulders.                                                      3
Stand facing side of bench. Position bar on back of shoulders and grasp barbell to sides.                                                                                            3
Stand with hands on hips or in front of body.                                                                                                                                        3
Stand with arms extended out in front. Balance on one leg with opposite leg extended forward off of ground.                                                                          3
Name: count, dtype: int64
INFO - 
Execution
INFO - Execution
Raise heels by extending ankles as high as possible. Lower heels by bending ankles until calves are stretched. Repeat.                                                                                                                                                                                                                                                                                    14
Pull levers back until elbows are behind back and shoulders are pulled back. Return until arms are extended and shoulders are stretched forward. Repeat.                                                                                                                                                                                                                                                   8
Pull body up until chin is above bar. Lower body until arms and shoulders are fully extended. Repeat.                                                                                                                                                                                                                                                                                                      8
Elevate shoulders as high as possible. Lower and repeat.                                                                                                                                                                                                                                                                                                                                                   8
Step back with one leg while bending supporting leg. Plant forefoot far back on floor. Lower body by flexing knee and hip of supporting leg until knee of rear leg is almost in contact with floor. Return to original standing position by extending hip and knee of forward supporting leg and return rear leg next to supporting leg. Repeat movement with opposite legs alternating between sides.     7
Keeping body straight, lower body to floor by bending arms. Push body up until arms are extended. Repeat.                                                                                                                                                                                                                                                                                                  6
Pull body up until elbow are to sides. Lower body until arms and shoulders are fully extended. Repeat.                                                                                                                                                                                                                                                                                                     6
Pull handles apart from each side, while keeping fixed elbow position and body and legs straight throughout movement. Raise forward so handles are to each side of body. Return back until handles come back together in front of body. Repeat.                                                                                                                                                            6
Press lever until arms are extended. Return weight until chest muscles are slightly stretched. Repeat.                                                                                                                                                                                                                                                                                                     6
Lunge forward with first leg. Land on heel, then forefoot. Lower body by flexing knee and hip of front leg until knee of rear leg is almost in contact with floor. Return to original standing position by forcibly extending hip and knee of forward leg. Repeat by alternating lunge with opposite leg.                                                                                                  6
Squat down by flexing knee and hip of front leg. Allow heel of rear foot to rise up while knee of rear leg bends slightly until it almost makes contact with floor. Return to original standing position by extending hip and knee of forward leg. Repeat. Continue with opposite leg.                                                                                                                     6
From upright position, lower body by straightening knees until body is horizontal. Continue to lower torso by bending hips until body is upside down. Raise torso by extending hips until fully extended. Continue to raise body by flexing knees until body is upright. Repeat.                                                                                                                           6
Pull forefoot back toward body as far as possible while pushing platform with heels. Return feet down to platform and repeat.                                                                                                                                                                                                                                                                              6
Lower body until slight stretch is felt in shoulders. Push body up until arms are straight. Repeat.                                                                                                                                                                                                                                                                                                        5
Pull lever back until elbows are behind back and shoulders are pulled back. Return until arms are extended and shoulders are stretched forward. Repeat.                                                                                                                                                                                                                                                    5
Lower body by bending arms, allowing elbows to flare out to sides. When slight stretch is felt in chest or shoulders, push body up until arms are straight. Repeat.                                                                                                                                                                                                                                        5
Stand on bench by straightening leg and pushing body upward. Step down returning foot off of bench to floor and repeat. Continue with opposite position.                                                                                                                                                                                                                                                   5
Pull forefoot of both feet up toward body as far as possible. Return by extending feet until toes are pointed downward. Repeat.                                                                                                                                                                                                                                                                            5
With elbows to side, raise bar until forearms are vertical. Lower until arms are fully extended. Repeat.                                                                                                                                                                                                                                                                                                   4
Pull body up until elbows are to sides. Lower body until arms and shoulders are fully extended. Repeat.                                                                                                                                                                                                                                                                                                    4
Name: count, dtype: int64
INFO - 
Target_Muscles
INFO - Target_Muscles
Gluteus Maximus,                                                   84
Quadriceps,                                                        57
Pectoralis Major Sternal,                                          49
Hip Flexors                                                        43
Triceps Brachii,                                                   38
Latissimus Dorsi, Teres Major, Lower Trapezius, Rhomboids,         38
Latissimus Dorsi, Lower Trapezius, Rhomboids, Middle Trapezius,    34
Hamstrings,                                                        31
Gastrocnemius,                                                     27
Anterior Deltoid,                                                  24
Posterior Deltoid,                                                 20
Tibialis Anterior,                                                 20
Lateral Deltoid,                                                   17
Pectoralis Major Clavicular,                                       14
Brachialis,                                                        12
Upper Trapezius, Levator Scapulae, Middle Trapezius,               12
Sternocleidomastoid,                                               11
Splenius,                                                           9
Biceps Brachii,                                                     9
Wrist Flexors,                                                      9
Name: count, dtype: int64
INFO - 
Synergist_Muscles
INFO - Synergist_Muscles
None,                                                                                                                                                                                                               59
Quadriceps, Adductor Magnus, Soleus,                                                                                                                                                                                47
Gluteus Maximus, Adductor Magnus, Soleus,                                                                                                                                                                           44
Trapezius, Middle, Trapezius, Lower, Rhomboids, Latissimus Dorsi, Teres Major, Deltoid, Posterior, Infraspinatus, Teres Minor, Brachialis, Brachioradialis, Pectoralis Major, Sternal,                              32
Soleus,                                                                                                                                                                                                             27
Pectoralis Major, Clavicular, Deltoid, Anterior, Triceps Brachii, Coracobrachialis,                                                                                                                                 26
Tensor Fasciae Latae, Pectineus, Sartorius, Adductor Longus, Adductor Brevis,                                                                                                                                       20
Brachialis, Brachioradialis, Teres Major, Deltoid, Posterior, Rhomboids, Levator Scapulae, Trapezius, Lower, Trapezius, Middle, Pectoralis Major, Sternal, Pectoralis Minor,                                        14
Deltoid, Anterior, Pectoralis Major, Sternal, Pectoralis Major, Clavicular, Pectoralis Minor, Rhomboids, Levator Scapulae, Latissimus Dorsi, Coracobrachialis,                                                      13
Biceps Brachii, Brachioradialis,                                                                                                                                                                                    12
Trapezius, Middle, Levator Scapulae,                                                                                                                                                                                12
Brachialis, Brachioradialis, Biceps Brachii, Teres Major, Deltoid, Posterior, Infraspinatus, Teres Minor, Coracobrachialis, Rhomboids, Levator Scapulae, Trapezius, Lower, Trapezius, Middle, Pectoralis Minor,     11
Deltoid, Anterior, Triceps Brachii, Pectoralis Major, Clavicular, Pectoralis Minor, Rhomboids, Levator Scapulae, Latissimus Dorsi, Teres Major, Coracobrachialis,                                                   11
Pectoralis Major, Sternal, Deltoid, Anterior, Triceps Brachii, Coracobrachialis,                                                                                                                                    11
Brachialis, Brachioradialis,                                                                                                                                                                                         8
Tensor Fasciae Latae, Sartorius, Pectineus, Rectus Femoris, Adductor Longus, Adductor Brevis,                                                                                                                        8
Pectoralis Major, Clavicular, Deltoid, Lateral, Coracobrachialis, Trapezius, Middle, Trapezius, Lower, Serratus Anterior, Inferior Digitations,                                                                      7
Pectoralis Major, Clavicular, Triceps Brachii, Deltoid, Lateral, Coracobrachialis, Trapezius, Middle, Trapezius, Lower, Serratus Anterior, Inferior Digitations,                                                     7
Deltoid, Anterior, Supraspinatus, Brachialis, Brachioradialis, Biceps Brachii, Trapezius, Middle, Trapezius, Lower, Serratus Anterior, Inferior Digitations, Infraspinatus, Teres Minor,                             7
Pectoralis Major, Clavicular,                                                                                                                                                                                        7
Name: count, dtype: int64
INFO - 
Stabilizer_Muscles
INFO - Stabilizer_Muscles
No significant stabilizers,                                                                                                               60
Erector Spinae,                                                                                                                           32
Trapezius, Upper, Levator Scapulae,                                                                                                       25
Trapezius, Lower,                                                                                                                         25
Erector Spinae, Gluteus Medius, Gluteus Minimus, Quadratus Lumborum, Obliques,                                                            15
Rectus Abdominis, Obliques,                                                                                                               14
Erector Spinae, Trapezius, Upper, Trapezius, Middle, Levator Scapulae,                                                                    10
Trapezius, Upper, Levator Scapulae, Wrist Extensors,                                                                                       9
Wrist Flexors,                                                                                                                             9
Gluteus Medius, Gluteus Minimus, Quadratus Lumborum, Obliques,                                                                             8
Rectus Abdominis, Obliques, Quadriceps,                                                                                                    7
Erector Spinae, Hamstrings, Gluteus Maximus, Adductor Magnus, Quadriceps,                                                                  7
Deltoid, Anterior, Triceps Brachii, Coracobrachialis,                                                                                      7
Obliques, Erector Spinae, Quadratus Lumborum, Gluteus Medius, Gluteus Minimus,                                                             7
Latissimus Dorsi, Teres Major, Wrist Extensors, Erector Spinae, Gluteus Maximus, Hamstrings,                                               6
Biceps Brachii, Brachialis, Triceps Brachii, Wrist Flexors,                                                                                6
Erector Spinae, Gluteus Medius, Gluteus Minimus,                                                                                           6
Erector Spinae, Trapezius, Upper, Trapezius, Middle, Levator Scapulae, Gluteus Medius, Gluteus Minimus, Quadratus Lumborum, Obliques,      6
Trapezius, Upper, Trapezius, Middle, Levator Scapulae,                                                                                     6
Gluteus Medius, Gluteus Minimus,                                                                                                           5
Name: count, dtype: int64
INFO - 
Antagonist_Muscles
INFO - Antagonist_Muscles
Rectus Abdominis, Obliques,                                         77
Erector Spinae,                                                     19
Rectus Abdominis,                                                   10
Rectus Abdominis, Obliques, Tibialis Anterior,                       8
Hamstrings,                                                          6
Tibialis Anterior,                                                   5
Triceps Brachii, Long Head,                                          4
Erector Spinae, Trapezius, Middle, Trapezius, Lower, Rhomboids,      3
Tibialis Anterior, Rectus Abdominis, Obliques,                       3
Tibialis Anterior, Rectus Femoris,                                   2
Tibialis Anterior,                                                   2
Hamstrings, Rectus Abdominis,                                        1
Rectus Abdominis, Obliques, Rectus Femoris, Tibialis Anterior,       1
Name: count, dtype: int64
INFO - 
Dynamic_Stabilizer_Muscles
INFO - Dynamic_Stabilizer_Muscles
Hamstrings, Gastrocnemius,                          91
Biceps Brachii, Short Head,                         40
Biceps Brachii, Triceps, Long Head,                 32
Biceps Brachii,                                     27
Triceps, Long Head,                                 22
Rectus Femoris,                                     21
Triceps, Long Head, Biceps Brachii,                 10
Hamstrings, Gastrocnemius (First Leg),               5
Hamstrings, Gastrocnemius (lead leg),                5
Hamstrings, Gastrocnemius (first leg),               4
Rectus Femoris, Hamstrings,                          3
Hamstrings (bottom half), Gastrocnemius,             2
Triceps, Long Head, Biceps Brachii, Short Head,      1
Hamstrings, Gastrocnemius (Lead Leg),                1
Hamstrings,                                          1
Name: count, dtype: int64
INFO - 
Main_muscle
INFO - Main_muscle
Hips          136
Back           97
Thighs         95
Chest          72
Shoulder       64
Upper Arms     59
Calves         51
Forearm        23
Neck           20
Name: count, dtype: int64
INFO - 
Secondary Muscles
INFO - Secondary Muscles
Quadriceps, Gluteus Maximus                                                55
Triceps Brachii, Anterior Deltoid                                          49
Biceps Brachii, Trapezius, Rhomboids                                       45
Rectus Abdominis, Hip Flexors                                              34
Quadriceps, Gluteus Maximus, Hamstrings                                    31
Quadriceps, Gluteus Maximus, Adductors                                     25
Gastrocnemius, Soleus                                                      24
Anterior Deltoid                                                           22
Biceps Brachii, Brachialis, Trapezius                                      21
Pectoralis Major Sternal, Pectoralis Major Clavicular, Anterior Deltoid    20
Brachialis, Brachioradialis                                                20
Tibialis Anterior                                                          20
Gluteus Maximus, Hamstrings                                                17
Brachioradialis                                                            16
Lateral Deltoid, Triceps Brachii                                           15
Hamstrings                                                                 14
Levator Scapulae                                                           12
Posterior Deltoid                                                          10
Anterior Deltoid, Serratus Anterior                                         9
Lateral Deltoid, Supraspinatus                                              9
Name: count, dtype: int64
INFO - 0      False
1      False
2      False
3      False
4      False
       ...  
612    False
613    False
614    False
615    False
616    False
Name: Exercise Name, Length: 617, dtype: bool
INFO - Loading raw dataset...
INFO - Loaded 617 exercises.
INFO - Dataset shape: (617, 17)
INFO - Columns:
['Exercise Name', 'Equipment', 'Variation', 'Utility', 'Mechanics', 'Force', 'Preparation', 'Execution', 'Target_Muscles', 'Synergist_Muscles', 'Stabilizer_Muscles', 'Antagonist_Muscles', 'Dynamic_Stabilizer_Muscles', 'Main_muscle', 'Difficulty (1-5)', 'Secondary Muscles', 'parent_id']
INFO - Missing values:
Exercise Name                   0
Equipment                       0
Variation                       4
Utility                         0
Mechanics                       0
Force                           0
Preparation                     0
Execution                       0
Target_Muscles                  0
Synergist_Muscles               2
Stabilizer_Muscles            128
Antagonist_Muscles            476
Dynamic_Stabilizer_Muscles    352
Main_muscle                     0
Difficulty (1-5)                0
Secondary Muscles               1
parent_id                     456
dtype: int64
INFO - 
Exercise Name
INFO - Exercise Name
Squat                             17
Triceps Dip                        8
Chest Dip                          8
Step-up                            8
Split Squat                        8
Standing Calf Raise                8
Shoulder Press                     6
Triceps Extension                  6
Pull-up                            6
Shrug                              6
Incline Shoulder Raise             6
Lunge                              6
Rear Lunge                         6
Leg Presses                        6
Leg Presses:  Seated Leg Press     6
Single Leg Squat                   6
Reverse Calf Raise                 6
Neck Flexion                       5
Rear Delt Row                      5
Preacher Curl                      5
Name: count, dtype: int64
INFO - 
Equipment
INFO - Equipment
Cable                          101
Lever (selectorized)            80
Lever (plate loaded)            76
Body Weight                     76
Dumbbell                        62
Barbell                         57
Weighted                        34
Suspended                       31
Sled                            31
Smith                           21
Band-assisted                    7
Self-assisted                    6
Self-assisted\u200b\u200b\u200b\u200b\u200b\u200b\u200b             5
Lever (selectorized)\u200b\u200b\u200b\u200b\u200b\u200b\u200b      4
Assisted                         4
Assisted (machine)               3
Lever                            3
Assisted (partner)               2
Suspension                       2
Plyometric                       2
Name: count, dtype: int64
INFO - 
Variation
INFO - Variation
No     452
Yes    161
Name: count, dtype: int64
INFO - 
Utility
INFO - Utility
Auxiliary             213
Basic or Auxiliary    210
Basic                 192
Plyometric              2
Name: count, dtype: int64
INFO - 
Mechanics
INFO - Mechanics
Compound    313
Isolated    304
Name: count, dtype: int64
INFO - 
Force
INFO - Force
Pull           311
Push           305
Push & Pull      1
Name: count, dtype: int64
INFO - 
Preparation
INFO - Preparation
Step up and grasp bar with overhand wide grip.                                                                                                                                       7
Position thighs prone on padding. Hook heels under platform lip or padded brace. Hold weight to chest or behind neck.                                                                7
Sit on seat and position chest against pad. Grasp lever handles with underhand grip.                                                                                                 6
Grasp suspension handles and position bent elbows to each sides of waist.                                                                                                            6
Stand with dumbbells grasped to sides.                                                                                                                                               6
Set and grasp lever handles to each side with overhand grip.                                                                                                                         4
Stand between two very low pulleys with shoulder width or narrower stance. Squat down and grasp stirrup attachments to each side. Stand upright with arms straight down to sides.    4
Sit on machine with back on padded support. Place feet slightly high on platform. Extend hips and knees. Release dock lever and grasp handles to sides.                              4
Sit on machine with back on padded support. Place feet slightly high on platform. Grasp handles to sides.                                                                            4
Sit on machine with back on padded support. Place feet on platform. Extend hips and knees. Release dock lever and grasp handles to sides.                                            4
Sit on machine with back on padded support. Place feet on platform. Grasp handles to sides.                                                                                          4
Place seat at low position. Sit on seat with chest against pad and grasp upper handles.                                                                                              3
Sit on seat. Grasp handles and place back of upper arms parallel on padding with elbows approximately in line with lever's fulcrum.                                                  3
Sit on seat and position chest against pad. Grasp lever handles with overhand grip.                                                                                                  3
Step up and grasp bar with underhand shoulder width grip.                                                                                                                            3
Lie supine on bench with chest under lever bar. Grasp lever bar with wide oblique overhand grip.                                                                                     3
Sit on seat with lever grips lower chest height. Grasp grips with wide overhand grip; elbows out to sides just below shoulders.                                                      3
Stand facing side of bench. Position bar on back of shoulders and grasp barbell to sides.                                                                                            3
Stand with hands on hips or in front of body.                                                                                                                                        3
Stand with arms extended out in front. Balance on one leg with opposite leg extended forward off of ground.                                                                          3
Name: count, dtype: int64
INFO - 
Execution
INFO - Execution
Raise heels by extending ankles as high as possible. Lower heels by bending ankles until calves are stretched. Repeat.                                                                                                                                                                                                                                                                                    14
Pull levers back until elbows are behind back and shoulders are pulled back. Return until arms are extended and shoulders are stretched forward. Repeat.                                                                                                                                                                                                                                                   8
Pull body up until chin is above bar. Lower body until arms and shoulders are fully extended. Repeat.                                                                                                                                                                                                                                                                                                      8
Elevate shoulders as high as possible. Lower and repeat.                                                                                                                                                                                                                                                                                                                                                   8
Step back with one leg while bending supporting leg. Plant forefoot far back on floor. Lower body by flexing knee and hip of supporting leg until knee of rear leg is almost in contact with floor. Return to original standing position by extending hip and knee of forward supporting leg and return rear leg next to supporting leg. Repeat movement with opposite legs alternating between sides.     7
Keeping body straight, lower body to floor by bending arms. Push body up until arms are extended. Repeat.                                                                                                                                                                                                                                                                                                  6
Pull body up until elbow are to sides. Lower body until arms and shoulders are fully extended. Repeat.                                                                                                                                                                                                                                                                                                     6
Pull handles apart from each side, while keeping fixed elbow position and body and legs straight throughout movement. Raise forward so handles are to each side of body. Return back until handles come back together in front of body. Repeat.                                                                                                                                                            6
Press lever until arms are extended. Return weight until chest muscles are slightly stretched. Repeat.                                                                                                                                                                                                                                                                                                     6
Lunge forward with first leg. Land on heel, then forefoot. Lower body by flexing knee and hip of front leg until knee of rear leg is almost in contact with floor. Return to original standing position by forcibly extending hip and knee of forward leg. Repeat by alternating lunge with opposite leg.                                                                                                  6
Squat down by flexing knee and hip of front leg. Allow heel of rear foot to rise up while knee of rear leg bends slightly until it almost makes contact with floor. Return to original standing position by extending hip and knee of forward leg. Repeat. Continue with opposite leg.                                                                                                                     6
From upright position, lower body by straightening knees until body is horizontal. Continue to lower torso by bending hips until body is upside down. Raise torso by extending hips until fully extended. Continue to raise body by flexing knees until body is upright. Repeat.                                                                                                                           6
Pull forefoot back toward body as far as possible while pushing platform with heels. Return feet down to platform and repeat.                                                                                                                                                                                                                                                                              6
Lower body until slight stretch is felt in shoulders. Push body up until arms are straight. Repeat.                                                                                                                                                                                                                                                                                                        5
Pull lever back until elbows are behind back and shoulders are pulled back. Return until arms are extended and shoulders are stretched forward. Repeat.                                                                                                                                                                                                                                                    5
Lower body by bending arms, allowing elbows to flare out to sides. When slight stretch is felt in chest or shoulders, push body up until arms are straight. Repeat.                                                                                                                                                                                                                                        5
Stand on bench by straightening leg and pushing body upward. Step down returning foot off of bench to floor and repeat. Continue with opposite position.                                                                                                                                                                                                                                                   5
Pull forefoot of both feet up toward body as far as possible. Return by extending feet until toes are pointed downward. Repeat.                                                                                                                                                                                                                                                                            5
With elbows to side, raise bar until forearms are vertical. Lower until arms are fully extended. Repeat.                                                                                                                                                                                                                                                                                                   4
Pull body up until elbows are to sides. Lower body until arms and shoulders are fully extended. Repeat.                                                                                                                                                                                                                                                                                                    4
Name: count, dtype: int64
INFO - 
Target_Muscles
INFO - Target_Muscles
Gluteus Maximus,                                                   84
Quadriceps,                                                        57
Pectoralis Major Sternal,                                          49
Hip Flexors                                                        43
Triceps Brachii,                                                   38
Latissimus Dorsi, Teres Major, Lower Trapezius, Rhomboids,         38
Latissimus Dorsi, Lower Trapezius, Rhomboids, Middle Trapezius,    34
Hamstrings,                                                        31
Gastrocnemius,                                                     27
Anterior Deltoid,                                                  24
Posterior Deltoid,                                                 20
Tibialis Anterior,                                                 20
Lateral Deltoid,                                                   17
Pectoralis Major Clavicular,                                       14
Brachialis,                                                        12
Upper Trapezius, Levator Scapulae, Middle Trapezius,               12
Sternocleidomastoid,                                               11
Splenius,                                                           9
Biceps Brachii,                                                     9
Wrist Flexors,                                                      9
Name: count, dtype: int64
INFO - 
Synergist_Muscles
INFO - Synergist_Muscles
None,                                                                                                                                                                                                               59
Quadriceps, Adductor Magnus, Soleus,                                                                                                                                                                                47
Gluteus Maximus, Adductor Magnus, Soleus,                                                                                                                                                                           44
Trapezius, Middle, Trapezius, Lower, Rhomboids, Latissimus Dorsi, Teres Major, Deltoid, Posterior, Infraspinatus, Teres Minor, Brachialis, Brachioradialis, Pectoralis Major, Sternal,                              32
Soleus,                                                                                                                                                                                                             27
Pectoralis Major, Clavicular, Deltoid, Anterior, Triceps Brachii, Coracobrachialis,                                                                                                                                 26
Tensor Fasciae Latae, Pectineus, Sartorius, Adductor Longus, Adductor Brevis,                                                                                                                                       20
Brachialis, Brachioradialis, Teres Major, Deltoid, Posterior, Rhomboids, Levator Scapulae, Trapezius, Lower, Trapezius, Middle, Pectoralis Major, Sternal, Pectoralis Minor,                                        14
Deltoid, Anterior, Pectoralis Major, Sternal, Pectoralis Major, Clavicular, Pectoralis Minor, Rhomboids, Levator Scapulae, Latissimus Dorsi, Coracobrachialis,                                                      13
Biceps Brachii, Brachioradialis,                                                                                                                                                                                    12
Trapezius, Middle, Levator Scapulae,                                                                                                                                                                                12
Brachialis, Brachioradialis, Biceps Brachii, Teres Major, Deltoid, Posterior, Infraspinatus, Teres Minor, Coracobrachialis, Rhomboids, Levator Scapulae, Trapezius, Lower, Trapezius, Middle, Pectoralis Minor,     11
Deltoid, Anterior, Triceps Brachii, Pectoralis Major, Clavicular, Pectoralis Minor, Rhomboids, Levator Scapulae, Latissimus Dorsi, Teres Major, Coracobrachialis,                                                   11
Pectoralis Major, Sternal, Deltoid, Anterior, Triceps Brachii, Coracobrachialis,                                                                                                                                    11
Brachialis, Brachioradialis,                                                                                                                                                                                         8
Tensor Fasciae Latae, Sartorius, Pectineus, Rectus Femoris, Adductor Longus, Adductor Brevis,                                                                                                                        8
Pectoralis Major, Clavicular, Deltoid, Lateral, Coracobrachialis, Trapezius, Middle, Trapezius, Lower, Serratus Anterior, Inferior Digitations,                                                                      7
Pectoralis Major, Clavicular, Triceps Brachii, Deltoid, Lateral, Coracobrachialis, Trapezius, Middle, Trapezius, Lower, Serratus Anterior, Inferior Digitations,                                                     7
Deltoid, Anterior, Supraspinatus, Brachialis, Brachioradialis, Biceps Brachii, Trapezius, Middle, Trapezius, Lower, Serratus Anterior, Inferior Digitations, Infraspinatus, Teres Minor,                             7
Pectoralis Major, Clavicular,                                                                                                                                                                                        7
Name: count, dtype: int64
INFO - 
Stabilizer_Muscles
INFO - Stabilizer_Muscles
No significant stabilizers,                                                                                                               60
Erector Spinae,                                                                                                                           32
Trapezius, Upper, Levator Scapulae,                                                                                                       25
Trapezius, Lower,                                                                                                                         25
Erector Spinae, Gluteus Medius, Gluteus Minimus, Quadratus Lumborum, Obliques,                                                            15
Rectus Abdominis, Obliques,                                                                                                               14
Erector Spinae, Trapezius, Upper, Trapezius, Middle, Levator Scapulae,                                                                    10
Trapezius, Upper, Levator Scapulae, Wrist Extensors,                                                                                       9
Wrist Flexors,                                                                                                                             9
Gluteus Medius, Gluteus Minimus, Quadratus Lumborum, Obliques,                                                                             8
Rectus Abdominis, Obliques, Quadriceps,                                                                                                    7
Erector Spinae, Hamstrings, Gluteus Maximus, Adductor Magnus, Quadriceps,                                                                  7
Deltoid, Anterior, Triceps Brachii, Coracobrachialis,                                                                                      7
Obliques, Erector Spinae, Quadratus Lumborum, Gluteus Medius, Gluteus Minimus,                                                             7
Latissimus Dorsi, Teres Major, Wrist Extensors, Erector Spinae, Gluteus Maximus, Hamstrings,                                               6
Biceps Brachii, Brachialis, Triceps Brachii, Wrist Flexors,                                                                                6
Erector Spinae, Gluteus Medius, Gluteus Minimus,                                                                                           6
Erector Spinae, Trapezius, Upper, Trapezius, Middle, Levator Scapulae, Gluteus Medius, Gluteus Minimus, Quadratus Lumborum, Obliques,      6
Trapezius, Upper, Trapezius, Middle, Levator Scapulae,                                                                                     6
Gluteus Medius, Gluteus Minimus,                                                                                                           5
Name: count, dtype: int64
INFO - 
Antagonist_Muscles
INFO - Antagonist_Muscles
Rectus Abdominis, Obliques,                                         77
Erector Spinae,                                                     19
Rectus Abdominis,                                                   10
Rectus Abdominis, Obliques, Tibialis Anterior,                       8
Hamstrings,                                                          6
Tibialis Anterior,                                                   5
Triceps Brachii, Long Head,                                          4
Erector Spinae, Trapezius, Middle, Trapezius, Lower, Rhomboids,      3
Tibialis Anterior, Rectus Abdominis, Obliques,                       3
Tibialis Anterior, Rectus Femoris,                                   2
Tibialis Anterior,                                                   2
Hamstrings, Rectus Abdominis,                                        1
Rectus Abdominis, Obliques, Rectus Femoris, Tibialis Anterior,       1
Name: count, dtype: int64
INFO - 
Dynamic_Stabilizer_Muscles
INFO - Dynamic_Stabilizer_Muscles
Hamstrings, Gastrocnemius,                          91
Biceps Brachii, Short Head,                         40
Biceps Brachii, Triceps, Long Head,                 32
Biceps Brachii,                                     27
Triceps, Long Head,                                 22
Rectus Femoris,                                     21
Triceps, Long Head, Biceps Brachii,                 10
Hamstrings, Gastrocnemius (First Leg),               5
Hamstrings, Gastrocnemius (lead leg),                5
Hamstrings, Gastrocnemius (first leg),               4
Rectus Femoris, Hamstrings,                          3
Hamstrings (bottom half), Gastrocnemius,             2
Triceps, Long Head, Biceps Brachii, Short Head,      1
Hamstrings, Gastrocnemius (Lead Leg),                1
Hamstrings,                                          1
Name: count, dtype: int64
INFO - 
Main_muscle
INFO - Main_muscle
Hips          136
Back           97
Thighs         95
Chest          72
Shoulder       64
Upper Arms     59
Calves         51
Forearm        23
Neck           20
Name: count, dtype: int64
INFO - 
Secondary Muscles
INFO - Secondary Muscles
Quadriceps, Gluteus Maximus                                                55
Triceps Brachii, Anterior Deltoid                                          49
Biceps Brachii, Trapezius, Rhomboids                                       45
Rectus Abdominis, Hip Flexors                                              34
Quadriceps, Gluteus Maximus, Hamstrings                                    31
Quadriceps, Gluteus Maximus, Adductors                                     25
Gastrocnemius, Soleus                                                      24
Anterior Deltoid                                                           22
Biceps Brachii, Brachialis, Trapezius                                      21
Pectoralis Major Sternal, Pectoralis Major Clavicular, Anterior Deltoid    20
Brachialis, Brachioradialis                                                20
Tibialis Anterior                                                          20
Gluteus Maximus, Hamstrings                                                17
Brachioradialis                                                            16
Lateral Deltoid, Triceps Brachii                                           15
Hamstrings                                                                 14
Levator Scapulae                                                           12
Posterior Deltoid                                                          10
Anterior Deltoid, Serratus Anterior                                         9
Lateral Deltoid, Supraspinatus                                              9
Name: count, dtype: int64
INFO - Checking squats: 
0      False
1      False
2      False
3      False
4      False
       ...  
612    False
613    False
614    False
615    False
616    False
Name: Exercise Name, Length: 617, dtype: bool
INFO - Loading raw dataset...
INFO - Loaded 617 exercises.
INFO - Dataset shape: (617, 17)
INFO - Columns:
['Exercise Name', 'Equipment', 'Variation', 'Utility', 'Mechanics', 'Force', 'Preparation', 'Execution', 'Target_Muscles', 'Synergist_Muscles', 'Stabilizer_Muscles', 'Antagonist_Muscles', 'Dynamic_Stabilizer_Muscles', 'Main_muscle', 'Difficulty (1-5)', 'Secondary Muscles', 'parent_id']
INFO - Missing values:
Exercise Name                   0
Equipment                       0
Variation                       4
Utility                         0
Mechanics                       0
Force                           0
Preparation                     0
Execution                       0
Target_Muscles                  0
Synergist_Muscles               2
Stabilizer_Muscles            128
Antagonist_Muscles            476
Dynamic_Stabilizer_Muscles    352
Main_muscle                     0
Difficulty (1-5)                0
Secondary Muscles               1
parent_id                     456
dtype: int64
INFO - 
Exercise Name value counts:
Exercise Name
Squat                             17
Triceps Dip                        8
Chest Dip                          8
Step-up                            8
Split Squat                        8
Standing Calf Raise                8
Shoulder Press                     6
Triceps Extension                  6
Pull-up                            6
Shrug                              6
Incline Shoulder Raise             6
Lunge                              6
Rear Lunge                         6
Leg Presses                        6
Leg Presses:  Seated Leg Press     6
Single Leg Squat                   6
Reverse Calf Raise                 6
Neck Flexion                       5
Rear Delt Row                      5
Preacher Curl                      5
Name: count, dtype: int64
INFO - 
Equipment value counts:
Equipment
Cable                          101
Lever (selectorized)            80
Lever (plate loaded)            76
Body Weight                     76
Dumbbell                        62
Barbell                         57
Weighted                        34
Suspended                       31
Sled                            31
Smith                           21
Band-assisted                    7
Self-assisted                    6
Self-assisted\u200b\u200b\u200b\u200b\u200b\u200b\u200b             5
Lever (selectorized)\u200b\u200b\u200b\u200b\u200b\u200b\u200b      4
Assisted                         4
Assisted (machine)               3
Lever                            3
Assisted (partner)               2
Suspension                       2
Plyometric                       2
Name: count, dtype: int64
INFO - 
Variation value counts:
Variation
No     452
Yes    161
NaN      4
Name: count, dtype: int64
INFO - 
Utility value counts:
Utility
Auxiliary             213
Basic or Auxiliary    210
Basic                 192
Plyometric              2
Name: count, dtype: int64
INFO - 
Mechanics value counts:
Mechanics
Compound    313
Isolated    304
Name: count, dtype: int64
INFO - 
Force value counts:
Force
Pull           311
Push           305
Push & Pull      1
Name: count, dtype: int64
INFO - 
Preparation value counts:
Preparation
Step up and grasp bar with overhand wide grip.                                                                                                                                       7
Position thighs prone on padding. Hook heels under platform lip or padded brace. Hold weight to chest or behind neck.                                                                7
Sit on seat and position chest against pad. Grasp lever handles with underhand grip.                                                                                                 6
Grasp suspension handles and position bent elbows to each sides of waist.                                                                                                            6
Stand with dumbbells grasped to sides.                                                                                                                                               6
Set and grasp lever handles to each side with overhand grip.                                                                                                                         4
Stand between two very low pulleys with shoulder width or narrower stance. Squat down and grasp stirrup attachments to each side. Stand upright with arms straight down to sides.    4
Sit on machine with back on padded support. Place feet slightly high on platform. Extend hips and knees. Release dock lever and grasp handles to sides.                              4
Sit on machine with back on padded support. Place feet slightly high on platform. Grasp handles to sides.                                                                            4
Sit on machine with back on padded support. Place feet on platform. Extend hips and knees. Release dock lever and grasp handles to sides.                                            4
Sit on machine with back on padded support. Place feet on platform. Grasp handles to sides.                                                                                          4
Place seat at low position. Sit on seat with chest against pad and grasp upper handles.                                                                                              3
Sit on seat. Grasp handles and place back of upper arms parallel on padding with elbows approximately in line with lever's fulcrum.                                                  3
Sit on seat and position chest against pad. Grasp lever handles with overhand grip.                                                                                                  3
Step up and grasp bar with underhand shoulder width grip.                                                                                                                            3
Lie supine on bench with chest under lever bar. Grasp lever bar with wide oblique overhand grip.                                                                                     3
Sit on seat with lever grips lower chest height. Grasp grips with wide overhand grip; elbows out to sides just below shoulders.                                                      3
Stand facing side of bench. Position bar on back of shoulders and grasp barbell to sides.                                                                                            3
Stand with hands on hips or in front of body.                                                                                                                                        3
Stand with arms extended out in front. Balance on one leg with opposite leg extended forward off of ground.                                                                          3
Name: count, dtype: int64
INFO - 
Execution value counts:
Execution
Raise heels by extending ankles as high as possible. Lower heels by bending ankles until calves are stretched. Repeat.                                                                                                                                                                                                                                                                                    14
Pull levers back until elbows are behind back and shoulders are pulled back. Return until arms are extended and shoulders are stretched forward. Repeat.                                                                                                                                                                                                                                                   8
Pull body up until chin is above bar. Lower body until arms and shoulders are fully extended. Repeat.                                                                                                                                                                                                                                                                                                      8
Elevate shoulders as high as possible. Lower and repeat.                                                                                                                                                                                                                                                                                                                                                   8
Step back with one leg while bending supporting leg. Plant forefoot far back on floor. Lower body by flexing knee and hip of supporting leg until knee of rear leg is almost in contact with floor. Return to original standing position by extending hip and knee of forward supporting leg and return rear leg next to supporting leg. Repeat movement with opposite legs alternating between sides.     7
Keeping body straight, lower body to floor by bending arms. Push body up until arms are extended. Repeat.                                                                                                                                                                                                                                                                                                  6
Pull body up until elbow are to sides. Lower body until arms and shoulders are fully extended. Repeat.                                                                                                                                                                                                                                                                                                     6
Pull handles apart from each side, while keeping fixed elbow position and body and legs straight throughout movement. Raise forward so handles are to each side of body. Return back until handles come back together in front of body. Repeat.                                                                                                                                                            6
Press lever until arms are extended. Return weight until chest muscles are slightly stretched. Repeat.                                                                                                                                                                                                                                                                                                     6
Lunge forward with first leg. Land on heel, then forefoot. Lower body by flexing knee and hip of front leg until knee of rear leg is almost in contact with floor. Return to original standing position by forcibly extending hip and knee of forward leg. Repeat by alternating lunge with opposite leg.                                                                                                  6
Squat down by flexing knee and hip of front leg. Allow heel of rear foot to rise up while knee of rear leg bends slightly until it almost makes contact with floor. Return to original standing position by extending hip and knee of forward leg. Repeat. Continue with opposite leg.                                                                                                                     6
From upright position, lower body by straightening knees until body is horizontal. Continue to lower torso by bending hips until body is upside down. Raise torso by extending hips until fully extended. Continue to raise body by flexing knees until body is upright. Repeat.                                                                                                                           6
Pull forefoot back toward body as far as possible while pushing platform with heels. Return feet down to platform and repeat.                                                                                                                                                                                                                                                                              6
Lower body until slight stretch is felt in shoulders. Push body up until arms are straight. Repeat.                                                                                                                                                                                                                                                                                                        5
Pull lever back until elbows are behind back and shoulders are pulled back. Return until arms are extended and shoulders are stretched forward. Repeat.                                                                                                                                                                                                                                                    5
Lower body by bending arms, allowing elbows to flare out to sides. When slight stretch is felt in chest or shoulders, push body up until arms are straight. Repeat.                                                                                                                                                                                                                                        5
Stand on bench by straightening leg and pushing body upward. Step down returning foot off of bench to floor and repeat. Continue with opposite position.                                                                                                                                                                                                                                                   5
Pull forefoot of both feet up toward body as far as possible. Return by extending feet until toes are pointed downward. Repeat.                                                                                                                                                                                                                                                                            5
With elbows to side, raise bar until forearms are vertical. Lower until arms are fully extended. Repeat.                                                                                                                                                                                                                                                                                                   4
Pull body up until elbows are to sides. Lower body until arms and shoulders are fully extended. Repeat.                                                                                                                                                                                                                                                                                                    4
Name: count, dtype: int64
INFO - 
Target_Muscles value counts:
Target_Muscles
Gluteus Maximus,                                                   84
Quadriceps,                                                        57
Pectoralis Major Sternal,                                          49
Hip Flexors                                                        43
Triceps Brachii,                                                   38
Latissimus Dorsi, Teres Major, Lower Trapezius, Rhomboids,         38
Latissimus Dorsi, Lower Trapezius, Rhomboids, Middle Trapezius,    34
Hamstrings,                                                        31
Gastrocnemius,                                                     27
Anterior Deltoid,                                                  24
Posterior Deltoid,                                                 20
Tibialis Anterior,                                                 20
Lateral Deltoid,                                                   17
Pectoralis Major Clavicular,                                       14
Brachialis,                                                        12
Upper Trapezius, Levator Scapulae, Middle Trapezius,               12
Sternocleidomastoid,                                               11
Splenius,                                                           9
Biceps Brachii,                                                     9
Wrist Flexors,                                                      9
Name: count, dtype: int64
INFO - 
Synergist_Muscles value counts:
Synergist_Muscles
None,                                                                                                                                                                                                               59
Quadriceps, Adductor Magnus, Soleus,                                                                                                                                                                                47
Gluteus Maximus, Adductor Magnus, Soleus,                                                                                                                                                                           44
Trapezius, Middle, Trapezius, Lower, Rhomboids, Latissimus Dorsi, Teres Major, Deltoid, Posterior, Infraspinatus, Teres Minor, Brachialis, Brachioradialis, Pectoralis Major, Sternal,                              32
Soleus,                                                                                                                                                                                                             27
Pectoralis Major, Clavicular, Deltoid, Anterior, Triceps Brachii, Coracobrachialis,                                                                                                                                 26
Tensor Fasciae Latae, Pectineus, Sartorius, Adductor Longus, Adductor Brevis,                                                                                                                                       20
Brachialis, Brachioradialis, Teres Major, Deltoid, Posterior, Rhomboids, Levator Scapulae, Trapezius, Lower, Trapezius, Middle, Pectoralis Major, Sternal, Pectoralis Minor,                                        14
Deltoid, Anterior, Pectoralis Major, Sternal, Pectoralis Major, Clavicular, Pectoralis Minor, Rhomboids, Levator Scapulae, Latissimus Dorsi, Coracobrachialis,                                                      13
Biceps Brachii, Brachioradialis,                                                                                                                                                                                    12
Trapezius, Middle, Levator Scapulae,                                                                                                                                                                                12
Brachialis, Brachioradialis, Biceps Brachii, Teres Major, Deltoid, Posterior, Infraspinatus, Teres Minor, Coracobrachialis, Rhomboids, Levator Scapulae, Trapezius, Lower, Trapezius, Middle, Pectoralis Minor,     11
Deltoid, Anterior, Triceps Brachii, Pectoralis Major, Clavicular, Pectoralis Minor, Rhomboids, Levator Scapulae, Latissimus Dorsi, Teres Major, Coracobrachialis,                                                   11
Pectoralis Major, Sternal, Deltoid, Anterior, Triceps Brachii, Coracobrachialis,                                                                                                                                    11
Brachialis, Brachioradialis,                                                                                                                                                                                         8
Tensor Fasciae Latae, Sartorius, Pectineus, Rectus Femoris, Adductor Longus, Adductor Brevis,                                                                                                                        8
Pectoralis Major, Clavicular, Deltoid, Lateral, Coracobrachialis, Trapezius, Middle, Trapezius, Lower, Serratus Anterior, Inferior Digitations,                                                                      7
Pectoralis Major, Clavicular, Triceps Brachii, Deltoid, Lateral, Coracobrachialis, Trapezius, Middle, Trapezius, Lower, Serratus Anterior, Inferior Digitations,                                                     7
Deltoid, Anterior, Supraspinatus, Brachialis, Brachioradialis, Biceps Brachii, Trapezius, Middle, Trapezius, Lower, Serratus Anterior, Inferior Digitations, Infraspinatus, Teres Minor,                             7
Pectoralis Major, Clavicular,                                                                                                                                                                                        7
Name: count, dtype: int64
INFO - 
Stabilizer_Muscles value counts:
Stabilizer_Muscles
NaN                                                                                                                                       128
No significant stabilizers,                                                                                                                60
Erector Spinae,                                                                                                                            32
Trapezius, Upper, Levator Scapulae,                                                                                                        25
Trapezius, Lower,                                                                                                                          25
Erector Spinae, Gluteus Medius, Gluteus Minimus, Quadratus Lumborum, Obliques,                                                             15
Rectus Abdominis, Obliques,                                                                                                                14
Erector Spinae, Trapezius, Upper, Trapezius, Middle, Levator Scapulae,                                                                     10
Trapezius, Upper, Levator Scapulae, Wrist Extensors,                                                                                        9
Wrist Flexors,                                                                                                                              9
Gluteus Medius, Gluteus Minimus, Quadratus Lumborum, Obliques,                                                                              8
Rectus Abdominis, Obliques, Quadriceps,                                                                                                     7
Erector Spinae, Hamstrings, Gluteus Maximus, Adductor Magnus, Quadriceps,                                                                   7
Deltoid, Anterior, Triceps Brachii, Coracobrachialis,                                                                                       7
Obliques, Erector Spinae, Quadratus Lumborum, Gluteus Medius, Gluteus Minimus,                                                              7
Latissimus Dorsi, Teres Major, Wrist Extensors, Erector Spinae, Gluteus Maximus, Hamstrings,                                                6
Biceps Brachii, Brachialis, Triceps Brachii, Wrist Flexors,                                                                                 6
Erector Spinae, Gluteus Medius, Gluteus Minimus,                                                                                            6
Erector Spinae, Trapezius, Upper, Trapezius, Middle, Levator Scapulae, Gluteus Medius, Gluteus Minimus, Quadratus Lumborum, Obliques,       6
Trapezius, Upper, Trapezius, Middle, Levator Scapulae,                                                                                      6
Name: count, dtype: int64
INFO - 
Antagonist_Muscles value counts:
Antagonist_Muscles
NaN                                                                 476
Rectus Abdominis, Obliques,                                          77
Erector Spinae,                                                      19
Rectus Abdominis,                                                    10
Rectus Abdominis, Obliques, Tibialis Anterior,                        8
Hamstrings,                                                           6
Tibialis Anterior,                                                    5
Triceps Brachii, Long Head,                                           4
Erector Spinae, Trapezius, Middle, Trapezius, Lower, Rhomboids,       3
Tibialis Anterior, Rectus Abdominis, Obliques,                        3
Tibialis Anterior, Rectus Femoris,                                    2
Tibialis Anterior,                                                    2
Hamstrings, Rectus Abdominis,                                         1
Rectus Abdominis, Obliques, Rectus Femoris, Tibialis Anterior,        1
Name: count, dtype: int64
INFO - 
Dynamic_Stabilizer_Muscles value counts:
Dynamic_Stabilizer_Muscles
NaN                                                 352
Hamstrings, Gastrocnemius,                           91
Biceps Brachii, Short Head,                          40
Biceps Brachii, Triceps, Long Head,                  32
Biceps Brachii,                                      27
Triceps, Long Head,                                  22
Rectus Femoris,                                      21
Triceps, Long Head, Biceps Brachii,                  10
Hamstrings, Gastrocnemius (First Leg),                5
Hamstrings, Gastrocnemius (lead leg),                 5
Hamstrings, Gastrocnemius (first leg),                4
Rectus Femoris, Hamstrings,                           3
Hamstrings (bottom half), Gastrocnemius,              2
Triceps, Long Head, Biceps Brachii, Short Head,       1
Hamstrings, Gastrocnemius (Lead Leg),                 1
Hamstrings,                                           1
Name: count, dtype: int64
INFO - 
Main_muscle value counts:
Main_muscle
Hips          136
Back           97
Thighs         95
Chest          72
Shoulder       64
Upper Arms     59
Calves         51
Forearm        23
Neck           20
Name: count, dtype: int64
INFO - 
Secondary Muscles value counts:
Secondary Muscles
Quadriceps, Gluteus Maximus                                                55
Triceps Brachii, Anterior Deltoid                                          49
Biceps Brachii, Trapezius, Rhomboids                                       45
Rectus Abdominis, Hip Flexors                                              34
Quadriceps, Gluteus Maximus, Hamstrings                                    31
Quadriceps, Gluteus Maximus, Adductors                                     25
Gastrocnemius, Soleus                                                      24
Anterior Deltoid                                                           22
Biceps Brachii, Brachialis, Trapezius                                      21
Pectoralis Major Sternal, Pectoralis Major Clavicular, Anterior Deltoid    20
Brachialis, Brachioradialis                                                20
Tibialis Anterior                                                          20
Gluteus Maximus, Hamstrings                                                17
Brachioradialis                                                            16
Lateral Deltoid, Triceps Brachii                                           15
Hamstrings                                                                 14
Levator Scapulae                                                           12
Posterior Deltoid                                                          10
Anterior Deltoid, Serratus Anterior                                         9
Lateral Deltoid, Supraspinatus                                              9
Name: count, dtype: int64
INFO - Checking squat rows:
    Exercise Name             Equipment Variation             Utility Mechanics Force  ...            Antagonist_Muscles   Dynamic_Stabilizer_Muscles Main_muscle Difficulty (1-5)                       Secondary Muscles parent_id
344         Squat               Barbell        No               Basic  Compound  Push  ...  Rectus Abdominis, Obliques,   Hamstrings, Gastrocnemius,         Hips                4  Quadriceps, Gluteus Maximus, Adductors       NaN
353         Squat                 Cable        No  Basic or Auxiliary  Compound  Push  ...  Rectus Abdominis, Obliques,   Hamstrings, Gastrocnemius,         Hips                4  Quadriceps, Gluteus Maximus, Adductors       NaN
362         Squat              Dumbbell        No  Basic or Auxiliary  Compound  Push  ...  Rectus Abdominis, Obliques,   Hamstrings, Gastrocnemius,         Hips                4  Quadriceps, Gluteus Maximus, Adductors       NaN
377         Squat  Lever (plate loaded)        No               Basic  Compound  Push  ...  Rectus Abdominis, Obliques,   Hamstrings, Gastrocnemius,         Hips                4  Quadriceps, Gluteus Maximus, Adductors       NaN
389         Squat  Lever (selectorized)        No               Basic  Compound  Push  ...  Rectus Abdominis, Obliques,   Hamstrings, Gastrocnemius,         Hips                4  Quadriceps, Gluteus Maximus, Adductors       NaN
398         Squat                  Sled        No               Basic  Compound  Push  ...                           NaN  Hamstrings, Gastrocnemius,         Hips                4  Quadriceps, Gluteus Maximus, Adductors       NaN
403         Squat                 Smith        No               Basic  Compound  Push  ...  Rectus Abdominis, Obliques,   Hamstrings, Gastrocnemius,         Hips                4  Quadriceps, Gluteus Maximus, Adductors       NaN
412         Squat           Body Weight        No               Basic  Compound  Push  ...                           NaN  Hamstrings, Gastrocnemius,         Hips                4  Quadriceps, Gluteus Maximus, Adductors       NaN
476         Squat               Barbell        No               Basic  Compound  Push  ...  Rectus Abdominis, Obliques,   Hamstrings, Gastrocnemius,       Thighs                3             Quadriceps, Gluteus Maximus       NaN
482         Squat                 Cable        No  Basic or Auxiliary  Compound  Push  ...  Rectus Abdominis, Obliques,   Hamstrings, Gastrocnemius,       Thighs                3             Quadriceps, Gluteus Maximus       NaN
488         Squat              Dumbbell        No  Basic or Auxiliary  Compound  Push  ...  Rectus Abdominis, Obliques,   Hamstrings, Gastrocnemius,       Thighs                3             Quadriceps, Gluteus Maximus       NaN
498         Squat  Lever (plate loaded)        No               Basic  Compound  Push  ...  Rectus Abdominis, Obliques,   Hamstrings, Gastrocnemius,       Thighs                3             Quadriceps, Gluteus Maximus       NaN
503         Squat  Lever (selectorized)        No               Basic  Compound  Push  ...  Rectus Abdominis, Obliques,   Hamstrings, Gastrocnemius,       Thighs                3             Quadriceps, Gluteus Maximus       NaN
509         Squat                  Sled        No               Basic  Compound  Push  ...  Rectus Abdominis, Obliques,   Hamstrings, Gastrocnemius,       Thighs                3             Quadriceps, Gluteus Maximus       NaN
512         Squat                 Smith        No               Basic  Compound  Push  ...  Rectus Abdominis, Obliques,   Hamstrings, Gastrocnemius,       Thighs                3             Quadriceps, Gluteus Maximus       NaN
520         Squat           Body Weight        No               Basic  Compound  Push  ...                           NaN  Hamstrings, Gastrocnemius,       Thighs                3             Quadriceps, Gluteus Maximus       NaN
524         Squat  Self-assisted\u200b\u200b\u200b\u200b\u200b\u200b\u200b        No  Basic or Auxiliary  Compound  Push  ...                           NaN  Hamstrings, Gastrocnemius,       Thighs                3             Quadriceps, Gluteus Maximus       NaN

[17 rows x 17 columns]
INFO - Validation passed.
INFO - Standardizing column names...
INFO - Standardized columns: ['name', 'equipment', 'variation', 'utility', 'mechanics', 'force', 'preparation', 'execution', 'target_muscles', 'synergist_muscles', 'stabilizer_muscles', 'antagonist_muscles', 'dynamic_stabilizer_muscles', 'main_muscle', 'difficulty_', 'secondary_muscles', 'parent_id']
INFO - Cleaning row values...
INFO - Finished cleaning rows.
INFO - Checking normalization requirements...
INFO - Normalization complete.
INFO - Skipping duplicate removal because repeated names may represent variations.
INFO - Handling missing values...
INFO - Removed 0 rows missing exercise names.
INFO - Exported 617 exercises to C:\Users\MIQDAD\Python\iron-hat\data\processed\exercises.json
INFO - Exercise cleaning pipeline completed successfully.
INFO - Loading raw dataset...
INFO - Loaded 617 exercises.
INFO - Dataset shape: (617, 17)
INFO - Columns:
['Exercise Name', 'Equipment', 'Variation', 'Utility', 'Mechanics', 'Force', 'Preparation', 'Execution', 'Target_Muscles', 'Synergist_Muscles', 'Stabilizer_Muscles', 'Antagonist_Muscles', 'Dynamic_Stabilizer_Muscles', 'Main_muscle', 'Difficulty (1-5)', 'Secondary Muscles', 'parent_id']
INFO - Missing values:
Exercise Name                   0
Equipment                       0
Variation                       4
Utility                         0
Mechanics                       0
Force                           0
Preparation                     0
Execution                       0
Target_Muscles                  0
Synergist_Muscles               2
Stabilizer_Muscles            128
Antagonist_Muscles            476
Dynamic_Stabilizer_Muscles    352
Main_muscle                     0
Difficulty (1-5)                0
Secondary Muscles               1
parent_id                     456
dtype: int64
INFO - 
Exercise Name value counts:
Exercise Name
Squat                             17
Triceps Dip                        8
Chest Dip                          8
Step-up                            8
Split Squat                        8
Standing Calf Raise                8
Shoulder Press                     6
Triceps Extension                  6
Pull-up                            6
Shrug                              6
Incline Shoulder Raise             6
Lunge                              6
Rear Lunge                         6
Leg Presses                        6
Leg Presses:  Seated Leg Press     6
Single Leg Squat                   6
Reverse Calf Raise                 6
Neck Flexion                       5
Rear Delt Row                      5
Preacher Curl                      5
Name: count, dtype: int64
INFO - 
Equipment value counts:
Equipment
Cable                          101
Lever (selectorized)            80
Lever (plate loaded)            76
Body Weight                     76
Dumbbell                        62
Barbell                         57
Weighted                        34
Suspended                       31
Sled                            31
Smith                           21
Band-assisted                    7
Self-assisted                    6
Self-assisted\u200b\u200b\u200b\u200b\u200b\u200b\u200b             5
Lever (selectorized)\u200b\u200b\u200b\u200b\u200b\u200b\u200b      4
Assisted                         4
Assisted (machine)               3
Lever                            3
Assisted (partner)               2
Suspension                       2
Plyometric                       2
Name: count, dtype: int64
INFO - 
Variation value counts:
Variation
No     452
Yes    161
NaN      4
Name: count, dtype: int64
INFO - 
Utility value counts:
Utility
Auxiliary             213
Basic or Auxiliary    210
Basic                 192
Plyometric              2
Name: count, dtype: int64
INFO - 
Mechanics value counts:
Mechanics
Compound    313
Isolated    304
Name: count, dtype: int64
INFO - 
Force value counts:
Force
Pull           311
Push           305
Push & Pull      1
Name: count, dtype: int64
INFO - 
Preparation value counts:
Preparation
Step up and grasp bar with overhand wide grip.                                                                                                                                       7
Position thighs prone on padding. Hook heels under platform lip or padded brace. Hold weight to chest or behind neck.                                                                7
Sit on seat and position chest against pad. Grasp lever handles with underhand grip.                                                                                                 6
Grasp suspension handles and position bent elbows to each sides of waist.                                                                                                            6
Stand with dumbbells grasped to sides.                                                                                                                                               6
Set and grasp lever handles to each side with overhand grip.                                                                                                                         4
Stand between two very low pulleys with shoulder width or narrower stance. Squat down and grasp stirrup attachments to each side. Stand upright with arms straight down to sides.    4
Sit on machine with back on padded support. Place feet slightly high on platform. Extend hips and knees. Release dock lever and grasp handles to sides.                              4
Sit on machine with back on padded support. Place feet slightly high on platform. Grasp handles to sides.                                                                            4
Sit on machine with back on padded support. Place feet on platform. Extend hips and knees. Release dock lever and grasp handles to sides.                                            4
Sit on machine with back on padded support. Place feet on platform. Grasp handles to sides.                                                                                          4
Place seat at low position. Sit on seat with chest against pad and grasp upper handles.                                                                                              3
Sit on seat. Grasp handles and place back of upper arms parallel on padding with elbows approximately in line with lever's fulcrum.                                                  3
Sit on seat and position chest against pad. Grasp lever handles with overhand grip.                                                                                                  3
Step up and grasp bar with underhand shoulder width grip.                                                                                                                            3
Lie supine on bench with chest under lever bar. Grasp lever bar with wide oblique overhand grip.                                                                                     3
Sit on seat with lever grips lower chest height. Grasp grips with wide overhand grip; elbows out to sides just below shoulders.                                                      3
Stand facing side of bench. Position bar on back of shoulders and grasp barbell to sides.                                                                                            3
Stand with hands on hips or in front of body.                                                                                                                                        3
Stand with arms extended out in front. Balance on one leg with opposite leg extended forward off of ground.                                                                          3
Name: count, dtype: int64
INFO - 
Execution value counts:
Execution
Raise heels by extending ankles as high as possible. Lower heels by bending ankles until calves are stretched. Repeat.                                                                                                                                                                                                                                                                                    14
Pull levers back until elbows are behind back and shoulders are pulled back. Return until arms are extended and shoulders are stretched forward. Repeat.                                                                                                                                                                                                                                                   8
Pull body up until chin is above bar. Lower body until arms and shoulders are fully extended. Repeat.                                                                                                                                                                                                                                                                                                      8
Elevate shoulders as high as possible. Lower and repeat.                                                                                                                                                                                                                                                                                                                                                   8
Step back with one leg while bending supporting leg. Plant forefoot far back on floor. Lower body by flexing knee and hip of supporting leg until knee of rear leg is almost in contact with floor. Return to original standing position by extending hip and knee of forward supporting leg and return rear leg next to supporting leg. Repeat movement with opposite legs alternating between sides.     7
Keeping body straight, lower body to floor by bending arms. Push body up until arms are extended. Repeat.                                                                                                                                                                                                                                                                                                  6
Pull body up until elbow are to sides. Lower body until arms and shoulders are fully extended. Repeat.                                                                                                                                                                                                                                                                                                     6
Pull handles apart from each side, while keeping fixed elbow position and body and legs straight throughout movement. Raise forward so handles are to each side of body. Return back until handles come back together in front of body. Repeat.                                                                                                                                                            6
Press lever until arms are extended. Return weight until chest muscles are slightly stretched. Repeat.                                                                                                                                                                                                                                                                                                     6
Lunge forward with first leg. Land on heel, then forefoot. Lower body by flexing knee and hip of front leg until knee of rear leg is almost in contact with floor. Return to original standing position by forcibly extending hip and knee of forward leg. Repeat by alternating lunge with opposite leg.                                                                                                  6
Squat down by flexing knee and hip of front leg. Allow heel of rear foot to rise up while knee of rear leg bends slightly until it almost makes contact with floor. Return to original standing position by extending hip and knee of forward leg. Repeat. Continue with opposite leg.                                                                                                                     6
From upright position, lower body by straightening knees until body is horizontal. Continue to lower torso by bending hips until body is upside down. Raise torso by extending hips until fully extended. Continue to raise body by flexing knees until body is upright. Repeat.                                                                                                                           6
Pull forefoot back toward body as far as possible while pushing platform with heels. Return feet down to platform and repeat.                                                                                                                                                                                                                                                                              6
Lower body until slight stretch is felt in shoulders. Push body up until arms are straight. Repeat.                                                                                                                                                                                                                                                                                                        5
Pull lever back until elbows are behind back and shoulders are pulled back. Return until arms are extended and shoulders are stretched forward. Repeat.                                                                                                                                                                                                                                                    5
Lower body by bending arms, allowing elbows to flare out to sides. When slight stretch is felt in chest or shoulders, push body up until arms are straight. Repeat.                                                                                                                                                                                                                                        5
Stand on bench by straightening leg and pushing body upward. Step down returning foot off of bench to floor and repeat. Continue with opposite position.                                                                                                                                                                                                                                                   5
Pull forefoot of both feet up toward body as far as possible. Return by extending feet until toes are pointed downward. Repeat.                                                                                                                                                                                                                                                                            5
With elbows to side, raise bar until forearms are vertical. Lower until arms are fully extended. Repeat.                                                                                                                                                                                                                                                                                                   4
Pull body up until elbows are to sides. Lower body until arms and shoulders are fully extended. Repeat.                                                                                                                                                                                                                                                                                                    4
Name: count, dtype: int64
INFO - 
Target_Muscles value counts:
Target_Muscles
Gluteus Maximus,                                                   84
Quadriceps,                                                        57
Pectoralis Major Sternal,                                          49
Hip Flexors                                                        43
Triceps Brachii,                                                   38
Latissimus Dorsi, Teres Major, Lower Trapezius, Rhomboids,         38
Latissimus Dorsi, Lower Trapezius, Rhomboids, Middle Trapezius,    34
Hamstrings,                                                        31
Gastrocnemius,                                                     27
Anterior Deltoid,                                                  24
Posterior Deltoid,                                                 20
Tibialis Anterior,                                                 20
Lateral Deltoid,                                                   17
Pectoralis Major Clavicular,                                       14
Brachialis,                                                        12
Upper Trapezius, Levator Scapulae, Middle Trapezius,               12
Sternocleidomastoid,                                               11
Splenius,                                                           9
Biceps Brachii,                                                     9
Wrist Flexors,                                                      9
Name: count, dtype: int64
INFO - 
Synergist_Muscles value counts:
Synergist_Muscles
None,                                                                                                                                                                                                               59
Quadriceps, Adductor Magnus, Soleus,                                                                                                                                                                                47
Gluteus Maximus, Adductor Magnus, Soleus,                                                                                                                                                                           44
Trapezius, Middle, Trapezius, Lower, Rhomboids, Latissimus Dorsi, Teres Major, Deltoid, Posterior, Infraspinatus, Teres Minor, Brachialis, Brachioradialis, Pectoralis Major, Sternal,                              32
Soleus,                                                                                                                                                                                                             27
Pectoralis Major, Clavicular, Deltoid, Anterior, Triceps Brachii, Coracobrachialis,                                                                                                                                 26
Tensor Fasciae Latae, Pectineus, Sartorius, Adductor Longus, Adductor Brevis,                                                                                                                                       20
Brachialis, Brachioradialis, Teres Major, Deltoid, Posterior, Rhomboids, Levator Scapulae, Trapezius, Lower, Trapezius, Middle, Pectoralis Major, Sternal, Pectoralis Minor,                                        14
Deltoid, Anterior, Pectoralis Major, Sternal, Pectoralis Major, Clavicular, Pectoralis Minor, Rhomboids, Levator Scapulae, Latissimus Dorsi, Coracobrachialis,                                                      13
Biceps Brachii, Brachioradialis,                                                                                                                                                                                    12
Trapezius, Middle, Levator Scapulae,                                                                                                                                                                                12
Brachialis, Brachioradialis, Biceps Brachii, Teres Major, Deltoid, Posterior, Infraspinatus, Teres Minor, Coracobrachialis, Rhomboids, Levator Scapulae, Trapezius, Lower, Trapezius, Middle, Pectoralis Minor,     11
Deltoid, Anterior, Triceps Brachii, Pectoralis Major, Clavicular, Pectoralis Minor, Rhomboids, Levator Scapulae, Latissimus Dorsi, Teres Major, Coracobrachialis,                                                   11
Pectoralis Major, Sternal, Deltoid, Anterior, Triceps Brachii, Coracobrachialis,                                                                                                                                    11
Brachialis, Brachioradialis,                                                                                                                                                                                         8
Tensor Fasciae Latae, Sartorius, Pectineus, Rectus Femoris, Adductor Longus, Adductor Brevis,                                                                                                                        8
Pectoralis Major, Clavicular, Deltoid, Lateral, Coracobrachialis, Trapezius, Middle, Trapezius, Lower, Serratus Anterior, Inferior Digitations,                                                                      7
Pectoralis Major, Clavicular, Triceps Brachii, Deltoid, Lateral, Coracobrachialis, Trapezius, Middle, Trapezius, Lower, Serratus Anterior, Inferior Digitations,                                                     7
Deltoid, Anterior, Supraspinatus, Brachialis, Brachioradialis, Biceps Brachii, Trapezius, Middle, Trapezius, Lower, Serratus Anterior, Inferior Digitations, Infraspinatus, Teres Minor,                             7
Pectoralis Major, Clavicular,                                                                                                                                                                                        7
Name: count, dtype: int64
INFO - 
Stabilizer_Muscles value counts:
Stabilizer_Muscles
NaN                                                                                                                                       128
No significant stabilizers,                                                                                                                60
Erector Spinae,                                                                                                                            32
Trapezius, Upper, Levator Scapulae,                                                                                                        25
Trapezius, Lower,                                                                                                                          25
Erector Spinae, Gluteus Medius, Gluteus Minimus, Quadratus Lumborum, Obliques,                                                             15
Rectus Abdominis, Obliques,                                                                                                                14
Erector Spinae, Trapezius, Upper, Trapezius, Middle, Levator Scapulae,                                                                     10
Trapezius, Upper, Levator Scapulae, Wrist Extensors,                                                                                        9
Wrist Flexors,                                                                                                                              9
Gluteus Medius, Gluteus Minimus, Quadratus Lumborum, Obliques,                                                                              8
Rectus Abdominis, Obliques, Quadriceps,                                                                                                     7
Erector Spinae, Hamstrings, Gluteus Maximus, Adductor Magnus, Quadriceps,                                                                   7
Deltoid, Anterior, Triceps Brachii, Coracobrachialis,                                                                                       7
Obliques, Erector Spinae, Quadratus Lumborum, Gluteus Medius, Gluteus Minimus,                                                              7
Latissimus Dorsi, Teres Major, Wrist Extensors, Erector Spinae, Gluteus Maximus, Hamstrings,                                                6
Biceps Brachii, Brachialis, Triceps Brachii, Wrist Flexors,                                                                                 6
Erector Spinae, Gluteus Medius, Gluteus Minimus,                                                                                            6
Erector Spinae, Trapezius, Upper, Trapezius, Middle, Levator Scapulae, Gluteus Medius, Gluteus Minimus, Quadratus Lumborum, Obliques,       6
Trapezius, Upper, Trapezius, Middle, Levator Scapulae,                                                                                      6
Name: count, dtype: int64
INFO - 
Antagonist_Muscles value counts:
Antagonist_Muscles
NaN                                                                 476
Rectus Abdominis, Obliques,                                          77
Erector Spinae,                                                      19
Rectus Abdominis,                                                    10
Rectus Abdominis, Obliques, Tibialis Anterior,                        8
Hamstrings,                                                           6
Tibialis Anterior,                                                    5
Triceps Brachii, Long Head,                                           4
Erector Spinae, Trapezius, Middle, Trapezius, Lower, Rhomboids,       3
Tibialis Anterior, Rectus Abdominis, Obliques,                        3
Tibialis Anterior, Rectus Femoris,                                    2
Tibialis Anterior,                                                    2
Hamstrings, Rectus Abdominis,                                         1
Rectus Abdominis, Obliques, Rectus Femoris, Tibialis Anterior,        1
Name: count, dtype: int64
INFO - 
Dynamic_Stabilizer_Muscles value counts:
Dynamic_Stabilizer_Muscles
NaN                                                 352
Hamstrings, Gastrocnemius,                           91
Biceps Brachii, Short Head,                          40
Biceps Brachii, Triceps, Long Head,                  32
Biceps Brachii,                                      27
Triceps, Long Head,                                  22
Rectus Femoris,                                      21
Triceps, Long Head, Biceps Brachii,                  10
Hamstrings, Gastrocnemius (First Leg),                5
Hamstrings, Gastrocnemius (lead leg),                 5
Hamstrings, Gastrocnemius (first leg),                4
Rectus Femoris, Hamstrings,                           3
Hamstrings (bottom half), Gastrocnemius,              2
Triceps, Long Head, Biceps Brachii, Short Head,       1
Hamstrings, Gastrocnemius (Lead Leg),                 1
Hamstrings,                                           1
Name: count, dtype: int64
INFO - 
Main_muscle value counts:
Main_muscle
Hips          136
Back           97
Thighs         95
Chest          72
Shoulder       64
Upper Arms     59
Calves         51
Forearm        23
Neck           20
Name: count, dtype: int64
INFO - 
Secondary Muscles value counts:
Secondary Muscles
Quadriceps, Gluteus Maximus                                                55
Triceps Brachii, Anterior Deltoid                                          49
Biceps Brachii, Trapezius, Rhomboids                                       45
Rectus Abdominis, Hip Flexors                                              34
Quadriceps, Gluteus Maximus, Hamstrings                                    31
Quadriceps, Gluteus Maximus, Adductors                                     25
Gastrocnemius, Soleus                                                      24
Anterior Deltoid                                                           22
Biceps Brachii, Brachialis, Trapezius                                      21
Pectoralis Major Sternal, Pectoralis Major Clavicular, Anterior Deltoid    20
Brachialis, Brachioradialis                                                20
Tibialis Anterior                                                          20
Gluteus Maximus, Hamstrings                                                17
Brachioradialis                                                            16
Lateral Deltoid, Triceps Brachii                                           15
Hamstrings                                                                 14
Levator Scapulae                                                           12
Posterior Deltoid                                                          10
Anterior Deltoid, Serratus Anterior                                         9
Lateral Deltoid, Supraspinatus                                              9
Name: count, dtype: int64
INFO - Checking squat rows:
    Exercise Name             Equipment Variation             Utility Mechanics Force  ...            Antagonist_Muscles   Dynamic_Stabilizer_Muscles Main_muscle Difficulty (1-5)                       Secondary Muscles parent_id
344         Squat               Barbell        No               Basic  Compound  Push  ...  Rectus Abdominis, Obliques,   Hamstrings, Gastrocnemius,         Hips                4  Quadriceps, Gluteus Maximus, Adductors       NaN
353         Squat                 Cable        No  Basic or Auxiliary  Compound  Push  ...  Rectus Abdominis, Obliques,   Hamstrings, Gastrocnemius,         Hips                4  Quadriceps, Gluteus Maximus, Adductors       NaN
362         Squat              Dumbbell        No  Basic or Auxiliary  Compound  Push  ...  Rectus Abdominis, Obliques,   Hamstrings, Gastrocnemius,         Hips                4  Quadriceps, Gluteus Maximus, Adductors       NaN
377         Squat  Lever (plate loaded)        No               Basic  Compound  Push  ...  Rectus Abdominis, Obliques,   Hamstrings, Gastrocnemius,         Hips                4  Quadriceps, Gluteus Maximus, Adductors       NaN
389         Squat  Lever (selectorized)        No               Basic  Compound  Push  ...  Rectus Abdominis, Obliques,   Hamstrings, Gastrocnemius,         Hips                4  Quadriceps, Gluteus Maximus, Adductors       NaN
398         Squat                  Sled        No               Basic  Compound  Push  ...                           NaN  Hamstrings, Gastrocnemius,         Hips                4  Quadriceps, Gluteus Maximus, Adductors       NaN
403         Squat                 Smith        No               Basic  Compound  Push  ...  Rectus Abdominis, Obliques,   Hamstrings, Gastrocnemius,         Hips                4  Quadriceps, Gluteus Maximus, Adductors       NaN
412         Squat           Body Weight        No               Basic  Compound  Push  ...                           NaN  Hamstrings, Gastrocnemius,         Hips                4  Quadriceps, Gluteus Maximus, Adductors       NaN
476         Squat               Barbell        No               Basic  Compound  Push  ...  Rectus Abdominis, Obliques,   Hamstrings, Gastrocnemius,       Thighs                3             Quadriceps, Gluteus Maximus       NaN
482         Squat                 Cable        No  Basic or Auxiliary  Compound  Push  ...  Rectus Abdominis, Obliques,   Hamstrings, Gastrocnemius,       Thighs                3             Quadriceps, Gluteus Maximus       NaN
488         Squat              Dumbbell        No  Basic or Auxiliary  Compound  Push  ...  Rectus Abdominis, Obliques,   Hamstrings, Gastrocnemius,       Thighs                3             Quadriceps, Gluteus Maximus       NaN
498         Squat  Lever (plate loaded)        No               Basic  Compound  Push  ...  Rectus Abdominis, Obliques,   Hamstrings, Gastrocnemius,       Thighs                3             Quadriceps, Gluteus Maximus       NaN
503         Squat  Lever (selectorized)        No               Basic  Compound  Push  ...  Rectus Abdominis, Obliques,   Hamstrings, Gastrocnemius,       Thighs                3             Quadriceps, Gluteus Maximus       NaN
509         Squat                  Sled        No               Basic  Compound  Push  ...  Rectus Abdominis, Obliques,   Hamstrings, Gastrocnemius,       Thighs                3             Quadriceps, Gluteus Maximus       NaN
512         Squat                 Smith        No               Basic  Compound  Push  ...  Rectus Abdominis, Obliques,   Hamstrings, Gastrocnemius,       Thighs                3             Quadriceps, Gluteus Maximus       NaN
520         Squat           Body Weight        No               Basic  Compound  Push  ...                           NaN  Hamstrings, Gastrocnemius,       Thighs                3             Quadriceps, Gluteus Maximus       NaN
524         Squat  Self-assisted\u200b\u200b\u200b\u200b\u200b\u200b\u200b        No  Basic or Auxiliary  Compound  Push  ...                           NaN  Hamstrings, Gastrocnemius,       Thighs                3             Quadriceps, Gluteus Maximus       NaN

[17 rows x 17 columns]
INFO - Validation passed.
INFO - Standardizing column names...
INFO - Standardized columns: ['name', 'equipment', 'variation', 'utility', 'mechanics', 'force', 'preparation', 'execution', 'target_muscles', 'synergist_muscles', 'stabilizer_muscles', 'antagonist_muscles', 'dynamic_stabilizer_muscles', 'main_muscle', 'difficulty', 'secondary_muscles', 'parent_id']
INFO - Cleaning row values...
INFO - Finished cleaning rows.
INFO - Checking normalization requirements...
INFO - Normalization complete.
INFO - Skipping duplicate removal because repeated names may represent variations.
INFO - Handling missing values...
INFO - Removed 0 rows missing exercise names.
INFO - Exported 617 exercises to C:\Users\MIQDAD\Python\iron-hat\data\processed\exercises.json
INFO - Exercise cleaning pipeline completed successfully.
INFO - Loaded 617 exercises
ERROR - Exercise seeding failed
Traceback (most recent call last):
  File "C:\Users\MIQDAD\Python\iron-hat\backend\.venv\Lib\site-packages\sqlalchemy\engine\base.py", line 2127, in _exec_insertmany_context
    dialect.do_execute(
    ~~~~~~~~~~~~~~~~~~^
        cursor,
        ^^^^^^^
    ...<2 lines>...
        context,
        ^^^^^^^^
    )
    ^
  File "C:\Users\MIQDAD\Python\iron-hat\backend\.venv\Lib\site-packages\sqlalchemy\engine\default.py", line 952, in do_execute
    cursor.execute(statement, parameters)
    ~~~~~~~~~~~~~~^^^^^^^^^^^^^^^^^^^^^^^
  File "C:\Users\MIQDAD\Python\iron-hat\backend\.venv\Lib\site-packages\psycopg\cursor.py", line 117, in execute
    raise ex.with_traceback(None)
psycopg.errors.StringDataRightTruncation: value too long for type character varying(225)

The above exception was the direct cause of the following exception:

Traceback (most recent call last):
  File "C:\Users\MIQDAD\Python\iron-hat\scripts\seed_exercise.py", line 67, in seed
    db.commit()
    ~~~~~~~~~^^
  File "C:\Users\MIQDAD\Python\iron-hat\backend\.venv\Lib\site-packages\sqlalchemy\orm\session.py", line 2035, in commit
    trans.commit(_to_root=True)
    ~~~~~~~~~~~~^^^^^^^^^^^^^^^
  File "<string>", line 2, in commit
  File "C:\Users\MIQDAD\Python\iron-hat\backend\.venv\Lib\site-packages\sqlalchemy\orm\state_changes.py", line 137, in _go
    ret_value = fn(self, *arg, **kw)
  File "C:\Users\MIQDAD\Python\iron-hat\backend\.venv\Lib\site-packages\sqlalchemy\orm\session.py", line 1316, in commit
    self._prepare_impl()
    ~~~~~~~~~~~~~~~~~~^^
  File "<string>", line 2, in _prepare_impl
  File "C:\Users\MIQDAD\Python\iron-hat\backend\.venv\Lib\site-packages\sqlalchemy\orm\state_changes.py", line 137, in _go
    ret_value = fn(self, *arg, **kw)
  File "C:\Users\MIQDAD\Python\iron-hat\backend\.venv\Lib\site-packages\sqlalchemy\orm\session.py", line 1290, in _prepare_impl
    self.session.flush()
    ~~~~~~~~~~~~~~~~~~^^
  File "C:\Users\MIQDAD\Python\iron-hat\backend\.venv\Lib\site-packages\sqlalchemy\orm\session.py", line 4353, in flush
    self._flush(objects)
    ~~~~~~~~~~~^^^^^^^^^
  File "C:\Users\MIQDAD\Python\iron-hat\backend\.venv\Lib\site-packages\sqlalchemy\orm\session.py", line 4488, in _flush
    with util.safe_reraise():
         ~~~~~~~~~~~~~~~~~^^
  File "C:\Users\MIQDAD\Python\iron-hat\backend\.venv\Lib\site-packages\sqlalchemy\util\langhelpers.py", line 122, in __exit__
    raise exc_value.with_traceback(exc_tb)
  File "C:\Users\MIQDAD\Python\iron-hat\backend\.venv\Lib\site-packages\sqlalchemy\orm\session.py", line 4449, in _flush
    flush_context.execute()
    ~~~~~~~~~~~~~~~~~~~~~^^
  File "C:\Users\MIQDAD\Python\iron-hat\backend\.venv\Lib\site-packages\sqlalchemy\orm\unitofwork.py", line 465, in execute
    rec.execute(self)
    ~~~~~~~~~~~^^^^^^
  File "C:\Users\MIQDAD\Python\iron-hat\backend\.venv\Lib\site-packages\sqlalchemy\orm\unitofwork.py", line 641, in execute
    util.preloaded.orm_persistence.save_obj(
    ~~~~~~~~~~~~~~~~~~~~~~~~~~~~~~~~~~~~~~~^
        self.mapper,
        ^^^^^^^^^^^^
        uow.states_for_mapper_hierarchy(self.mapper, False, False),
        ^^^^^^^^^^^^^^^^^^^^^^^^^^^^^^^^^^^^^^^^^^^^^^^^^^^^^^^^^^^
        uow,
        ^^^^
    )
    ^
  File "C:\Users\MIQDAD\Python\iron-hat\backend\.venv\Lib\site-packages\sqlalchemy\orm\persistence.py", line 94, in save_obj
    _emit_insert_statements(
    ~~~~~~~~~~~~~~~~~~~~~~~^
        base_mapper,
        ^^^^^^^^^^^^
    ...<3 lines>...
        insert,
        ^^^^^^^
    )
    ^
  File "C:\Users\MIQDAD\Python\iron-hat\backend\.venv\Lib\site-packages\sqlalchemy\orm\persistence.py", line 1144, in _emit_insert_statements
    result = connection.execute(
        statement, multiparams, execution_options=execution_options
    )
  File "C:\Users\MIQDAD\Python\iron-hat\backend\.venv\Lib\site-packages\sqlalchemy\engine\base.py", line 1421, in execute
    return meth(
        self,
        distilled_parameters,
        execution_options or NO_OPTIONS,
    )
  File "C:\Users\MIQDAD\Python\iron-hat\backend\.venv\Lib\site-packages\sqlalchemy\sql\elements.py", line 526, in _execute_on_connection
    return connection._execute_clauseelement(
           ~~~~~~~~~~~~~~~~~~~~~~~~~~~~~~~~~^
        self, distilled_params, execution_options
        ^^^^^^^^^^^^^^^^^^^^^^^^^^^^^^^^^^^^^^^^^
    )
    ^
  File "C:\Users\MIQDAD\Python\iron-hat\backend\.venv\Lib\site-packages\sqlalchemy\engine\base.py", line 1643, in _execute_clauseelement
    ret = self._execute_context(
        dialect,
    ...<8 lines>...
        cache_hit=cache_hit,
    )
  File "C:\Users\MIQDAD\Python\iron-hat\backend\.venv\Lib\site-packages\sqlalchemy\engine\base.py", line 1846, in _execute_context
    return self._exec_insertmany_context(dialect, context)
           ~~~~~~~~~~~~~~~~~~~~~~~~~~~~~^^^^^^^^^^^^^^^^^^
  File "C:\Users\MIQDAD\Python\iron-hat\backend\.venv\Lib\site-packages\sqlalchemy\engine\base.py", line 2135, in _exec_insertmany_context
    self._handle_dbapi_exception(
    ~~~~~~~~~~~~~~~~~~~~~~~~~~~~^
        e,
        ^^
    ...<4 lines>...
        is_sub_exec=True,
        ^^^^^^^^^^^^^^^^^
    )
    ^
  File "C:\Users\MIQDAD\Python\iron-hat\backend\.venv\Lib\site-packages\sqlalchemy\engine\base.py", line 2365, in _handle_dbapi_exception
    raise sqlalchemy_exception.with_traceback(exc_info[2]) from e
  File "C:\Users\MIQDAD\Python\iron-hat\backend\.venv\Lib\site-packages\sqlalchemy\engine\base.py", line 2127, in _exec_insertmany_context
    dialect.do_execute(
    ~~~~~~~~~~~~~~~~~~^
        cursor,
        ^^^^^^^
    ...<2 lines>...
        context,
        ^^^^^^^^
    )
    ^
  File "C:\Users\MIQDAD\Python\iron-hat\backend\.venv\Lib\site-packages\sqlalchemy\engine\default.py", line 952, in do_execute
    cursor.execute(statement, parameters)
    ~~~~~~~~~~~~~~^^^^^^^^^^^^^^^^^^^^^^^
  File "C:\Users\MIQDAD\Python\iron-hat\backend\.venv\Lib\site-packages\psycopg\cursor.py", line 117, in execute
    raise ex.with_traceback(None)
sqlalchemy.exc.DataError: (psycopg.errors.StringDataRightTruncation) value too long for type character varying(225)
[SQL: INSERT INTO exercises (name, equipment, is_variation, utility_type, mechanics_type, force_type, target_muscles, main_muscle, secondary_muscles, difficulty, synergist_muscles, stabilizer_muscles, antagonist_muscles, dynamic_stabilizer_muscles, parent_ ... 311954 characters truncated ...  p11, p12, p13, p14, sen_counter) ORDER BY sen_counter RETURNING exercises.id, exercises.id AS id__1]
[parameters: {'antagonist_muscles__0': '', 'force_type__0': 'Pull', 'utility_type__0': 'Basic or Auxiliary', 'is_variation__0': 'No', 'dynamic_stabilizer_muscles__0': '', 'equipment__0': 'Cable', 'mechanics_type__0': 'Isolated', 'secondary_muscles__0': 'Sternocleidomastoid', 'synergist_muscles__0': 'None', 'target_muscles__0': 'Sternocleidomastoid', 'name__0': 'Neck Flexion', 'difficulty__0': 2, 'main_muscle__0': 'Neck', 'stabilizer_muscles__0': 'Rectus Abdominis, Obliques', 'parent_id__0': None, 'antagonist_muscles__1': '', 'force_type__1': 'Pull', 'utility_type__1': 'Basic or Auxiliary', 'is_variation__1': 'No', 'dynamic_stabilizer_muscles__1': '', 'equipment__1': 'Lever (plate loaded)', 'mechanics_type__1': 'Isolated', 'secondary_muscles__1': 'Sternocleidomastoid', 'synergist_muscles__1': 'None', 'target_muscles__1': 'Sternocleidomastoid', 'name__1': 'Neck Flexion', 'difficulty__1': 2, 'main_muscle__1': 'Neck', 'stabilizer_muscles__1': 'Latissimus Dorsi, Deltoid, Posterior, Rhomboids, Trapezius, Middle, Trapezius, Lower, Triceps Brachii, Rectus Abdominis, Obliques', 'parent_id__1': None, 'antagonist_muscles__2': '', 'force_type__2': 'Pull', 'utility_type__2': 'Auxiliary', 'is_variation__2': 'No', 'dynamic_stabilizer_muscles__2': '', 'equipment__2': 'Lever (plate loaded)', 'mechanics_type__2': 'Isolated', 'secondary_muscles__2': 'Sternocleidomastoid, Levator Scapulae', 'synergist_muscles__2': 'Splenius, Erector Spinae, Levator Scapulae, Trapezius, Upper', 'target_muscles__2': 'Sternocleidomastoid', 'name__2': 'Lateral Neck Flexion', 'difficulty__2': 2, 'main_muscle__2': 'Neck', 'stabilizer_muscles__2': 'Latissimus Dorsi, Pectoralis Major, Sternal, Pectoralis Major, Clavicular, Coracobrachialis, Pectoralis Minor', 'parent_id__2': None, 'antagonist_muscles__3': '', 'force_type__3': 'Pull', 'utility_type__3': 'Basic or Auxiliary', 'is_variation__3': 'No', 'dynamic_stabilizer_muscles__3': '' ... 9155 parameters truncated ... 'name__613': 'Seated Reverse Calf Press', 'difficulty__613': 2, 'main_muscle__613': 'Calves', 'stabilizer_muscles__613': 'No significant stabilizers', 'parent_id__613': None, 'antagonist_muscles__614': '', 'force_type__614': 'Pull', 'utility_type__614': 'Basic or Auxiliary', 'is_variation__614': 'No', 'dynamic_stabilizer_muscles__614': '', 'equipment__614': 'Smith', 'mechanics_type__614': 'Isolated', 'secondary_muscles__614': 'Tibialis Anterior', 'synergist_muscles__614': 'None', 'target_muscles__614': 'Tibialis Anterior', 'name__614': 'Reverse Calf Raise', 'difficulty__614': 2, 'main_muscle__614': 'Calves', 'stabilizer_muscles__614': 'No significant stabilizers', 'parent_id__614': None, 'antagonist_muscles__615': '', 'force_type__615': 'Pull', 'utility_type__615': 'Basic or Auxiliary', 'is_variation__615': 'No', 'dynamic_stabilizer_muscles__615': '', 'equipment__615': 'Body Weight', 'mechanics_type__615': 'Isolated', 'secondary_muscles__615': 'Tibialis Anterior', 'synergist_muscles__615': 'None', 'target_muscles__615': 'Tibialis Anterior', 'name__615': 'Reverse Calf Raise', 'difficulty__615': 2, 'main_muscle__615': 'Calves', 'stabilizer_muscles__615': '', 'parent_id__615': None, 'antagonist_muscles__616': '', 'force_type__616': 'Pull', 'utility_type__616': 'Auxiliary', 'is_variation__616': 'Yes', 'dynamic_stabilizer_muscles__616': '', 'equipment__616': 'Body Weight', 'mechanics_type__616': 'Isolated', 'secondary_muscles__616': 'Tibialis Anterior', 'synergist_muscles__616': 'None', 'target_muscles__616': 'Tibialis Anterior', 'name__616': 'Reverse Calf Raise: Single Leg', 'difficulty__616': 3, 'main_muscle__616': 'Calves', 'stabilizer_muscles__616': 'Gluteus Medius, Gluteus Maximus, Quadratus Lumborum, Obliques', 'parent_id__616': 615.0}]
(Background on this error at: https://sqlalche.me/e/20/9h9h)
INFO - Loaded 617 exercises
ERROR - Exercise seeding failed
Traceback (most recent call last):
  File "C:\Users\MIQDAD\Python\iron-hat\backend\.venv\Lib\site-packages\sqlalchemy\engine\base.py", line 2127, in _exec_insertmany_context
    dialect.do_execute(
    ~~~~~~~~~~~~~~~~~~^
        cursor,
        ^^^^^^^
    ...<2 lines>...
        context,
        ^^^^^^^^
    )
    ^
  File "C:\Users\MIQDAD\Python\iron-hat\backend\.venv\Lib\site-packages\sqlalchemy\engine\default.py", line 952, in do_execute
    cursor.execute(statement, parameters)
    ~~~~~~~~~~~~~~^^^^^^^^^^^^^^^^^^^^^^^
  File "C:\Users\MIQDAD\Python\iron-hat\backend\.venv\Lib\site-packages\psycopg\cursor.py", line 117, in execute
    raise ex.with_traceback(None)
psycopg.errors.StringDataRightTruncation: value too long for type character varying(50)

The above exception was the direct cause of the following exception:

Traceback (most recent call last):
  File "C:\Users\MIQDAD\Python\iron-hat\scripts\seed_exercise.py", line 67, in seed
    db.commit()
    ~~~~~~~~~^^
  File "C:\Users\MIQDAD\Python\iron-hat\backend\.venv\Lib\site-packages\sqlalchemy\orm\session.py", line 2035, in commit
    trans.commit(_to_root=True)
    ~~~~~~~~~~~~^^^^^^^^^^^^^^^
  File "<string>", line 2, in commit
  File "C:\Users\MIQDAD\Python\iron-hat\backend\.venv\Lib\site-packages\sqlalchemy\orm\state_changes.py", line 137, in _go
    ret_value = fn(self, *arg, **kw)
  File "C:\Users\MIQDAD\Python\iron-hat\backend\.venv\Lib\site-packages\sqlalchemy\orm\session.py", line 1316, in commit
    self._prepare_impl()
    ~~~~~~~~~~~~~~~~~~^^
  File "<string>", line 2, in _prepare_impl
  File "C:\Users\MIQDAD\Python\iron-hat\backend\.venv\Lib\site-packages\sqlalchemy\orm\state_changes.py", line 137, in _go
    ret_value = fn(self, *arg, **kw)
  File "C:\Users\MIQDAD\Python\iron-hat\backend\.venv\Lib\site-packages\sqlalchemy\orm\session.py", line 1290, in _prepare_impl
    self.session.flush()
    ~~~~~~~~~~~~~~~~~~^^
  File "C:\Users\MIQDAD\Python\iron-hat\backend\.venv\Lib\site-packages\sqlalchemy\orm\session.py", line 4353, in flush
    self._flush(objects)
    ~~~~~~~~~~~^^^^^^^^^
  File "C:\Users\MIQDAD\Python\iron-hat\backend\.venv\Lib\site-packages\sqlalchemy\orm\session.py", line 4488, in _flush
    with util.safe_reraise():
         ~~~~~~~~~~~~~~~~~^^
  File "C:\Users\MIQDAD\Python\iron-hat\backend\.venv\Lib\site-packages\sqlalchemy\util\langhelpers.py", line 122, in __exit__
    raise exc_value.with_traceback(exc_tb)
  File "C:\Users\MIQDAD\Python\iron-hat\backend\.venv\Lib\site-packages\sqlalchemy\orm\session.py", line 4449, in _flush
    flush_context.execute()
    ~~~~~~~~~~~~~~~~~~~~~^^
  File "C:\Users\MIQDAD\Python\iron-hat\backend\.venv\Lib\site-packages\sqlalchemy\orm\unitofwork.py", line 465, in execute
    rec.execute(self)
    ~~~~~~~~~~~^^^^^^
  File "C:\Users\MIQDAD\Python\iron-hat\backend\.venv\Lib\site-packages\sqlalchemy\orm\unitofwork.py", line 641, in execute
    util.preloaded.orm_persistence.save_obj(
    ~~~~~~~~~~~~~~~~~~~~~~~~~~~~~~~~~~~~~~~^
        self.mapper,
        ^^^^^^^^^^^^
        uow.states_for_mapper_hierarchy(self.mapper, False, False),
        ^^^^^^^^^^^^^^^^^^^^^^^^^^^^^^^^^^^^^^^^^^^^^^^^^^^^^^^^^^^
        uow,
        ^^^^
    )
    ^
  File "C:\Users\MIQDAD\Python\iron-hat\backend\.venv\Lib\site-packages\sqlalchemy\orm\persistence.py", line 94, in save_obj
    _emit_insert_statements(
    ~~~~~~~~~~~~~~~~~~~~~~~^
        base_mapper,
        ^^^^^^^^^^^^
    ...<3 lines>...
        insert,
        ^^^^^^^
    )
    ^
  File "C:\Users\MIQDAD\Python\iron-hat\backend\.venv\Lib\site-packages\sqlalchemy\orm\persistence.py", line 1144, in _emit_insert_statements
    result = connection.execute(
        statement, multiparams, execution_options=execution_options
    )
  File "C:\Users\MIQDAD\Python\iron-hat\backend\.venv\Lib\site-packages\sqlalchemy\engine\base.py", line 1421, in execute
    return meth(
        self,
        distilled_parameters,
        execution_options or NO_OPTIONS,
    )
  File "C:\Users\MIQDAD\Python\iron-hat\backend\.venv\Lib\site-packages\sqlalchemy\sql\elements.py", line 526, in _execute_on_connection
    return connection._execute_clauseelement(
           ~~~~~~~~~~~~~~~~~~~~~~~~~~~~~~~~~^
        self, distilled_params, execution_options
        ^^^^^^^^^^^^^^^^^^^^^^^^^^^^^^^^^^^^^^^^^
    )
    ^
  File "C:\Users\MIQDAD\Python\iron-hat\backend\.venv\Lib\site-packages\sqlalchemy\engine\base.py", line 1643, in _execute_clauseelement
    ret = self._execute_context(
        dialect,
    ...<8 lines>...
        cache_hit=cache_hit,
    )
  File "C:\Users\MIQDAD\Python\iron-hat\backend\.venv\Lib\site-packages\sqlalchemy\engine\base.py", line 1846, in _execute_context
    return self._exec_insertmany_context(dialect, context)
           ~~~~~~~~~~~~~~~~~~~~~~~~~~~~~^^^^^^^^^^^^^^^^^^
  File "C:\Users\MIQDAD\Python\iron-hat\backend\.venv\Lib\site-packages\sqlalchemy\engine\base.py", line 2135, in _exec_insertmany_context
    self._handle_dbapi_exception(
    ~~~~~~~~~~~~~~~~~~~~~~~~~~~~^
        e,
        ^^
    ...<4 lines>...
        is_sub_exec=True,
        ^^^^^^^^^^^^^^^^^
    )
    ^
  File "C:\Users\MIQDAD\Python\iron-hat\backend\.venv\Lib\site-packages\sqlalchemy\engine\base.py", line 2365, in _handle_dbapi_exception
    raise sqlalchemy_exception.with_traceback(exc_info[2]) from e
  File "C:\Users\MIQDAD\Python\iron-hat\backend\.venv\Lib\site-packages\sqlalchemy\engine\base.py", line 2127, in _exec_insertmany_context
    dialect.do_execute(
    ~~~~~~~~~~~~~~~~~~^
        cursor,
        ^^^^^^^
    ...<2 lines>...
        context,
        ^^^^^^^^
    )
    ^
  File "C:\Users\MIQDAD\Python\iron-hat\backend\.venv\Lib\site-packages\sqlalchemy\engine\default.py", line 952, in do_execute
    cursor.execute(statement, parameters)
    ~~~~~~~~~~~~~~^^^^^^^^^^^^^^^^^^^^^^^
  File "C:\Users\MIQDAD\Python\iron-hat\backend\.venv\Lib\site-packages\psycopg\cursor.py", line 117, in execute
    raise ex.with_traceback(None)
sqlalchemy.exc.DataError: (psycopg.errors.StringDataRightTruncation) value too long for type character varying(50)
[SQL: INSERT INTO exercises (name, equipment, is_variation, utility_type, mechanics_type, force_type, target_muscles, main_muscle, secondary_muscles, difficulty, synergist_muscles, stabilizer_muscles, antagonist_muscles, dynamic_stabilizer_muscles, parent_ ... 311954 characters truncated ...  p11, p12, p13, p14, sen_counter) ORDER BY sen_counter RETURNING exercises.id, exercises.id AS id__1]
[parameters: {'is_variation__0': 'No', 'equipment__0': 'Cable', 'target_muscles__0': 'Sternocleidomastoid', 'antagonist_muscles__0': '', 'name__0': 'Neck Flexion', 'mechanics_type__0': 'Isolated', 'utility_type__0': 'Basic or Auxiliary', 'difficulty__0': 2, 'stabilizer_muscles__0': 'Rectus Abdominis, Obliques', 'dynamic_stabilizer_muscles__0': '', 'main_muscle__0': 'Neck', 'synergist_muscles__0': 'None', 'parent_id__0': None, 'secondary_muscles__0': 'Sternocleidomastoid', 'force_type__0': 'Pull', 'is_variation__1': 'No', 'equipment__1': 'Lever (plate loaded)', 'target_muscles__1': 'Sternocleidomastoid', 'antagonist_muscles__1': '', 'name__1': 'Neck Flexion', 'mechanics_type__1': 'Isolated', 'utility_type__1': 'Basic or Auxiliary', 'difficulty__1': 2, 'stabilizer_muscles__1': 'Latissimus Dorsi, Deltoid, Posterior, Rhomboids, Trapezius, Middle, Trapezius, Lower, Triceps Brachii, Rectus Abdominis, Obliques', 'dynamic_stabilizer_muscles__1': '', 'main_muscle__1': 'Neck', 'synergist_muscles__1': 'None', 'parent_id__1': None, 'secondary_muscles__1': 'Sternocleidomastoid', 'force_type__1': 'Pull', 'is_variation__2': 'No', 'equipment__2': 'Lever (plate loaded)', 'target_muscles__2': 'Sternocleidomastoid', 'antagonist_muscles__2': '', 'name__2': 'Lateral Neck Flexion', 'mechanics_type__2': 'Isolated', 'utility_type__2': 'Auxiliary', 'difficulty__2': 2, 'stabilizer_muscles__2': 'Latissimus Dorsi, Pectoralis Major, Sternal, Pectoralis Major, Clavicular, Coracobrachialis, Pectoralis Minor', 'dynamic_stabilizer_muscles__2': '', 'main_muscle__2': 'Neck', 'synergist_muscles__2': 'Splenius, Erector Spinae, Levator Scapulae, Trapezius, Upper', 'parent_id__2': None, 'secondary_muscles__2': 'Sternocleidomastoid, Levator Scapulae', 'force_type__2': 'Pull', 'is_variation__3': 'No', 'equipment__3': 'Lever (selectorized)', 'target_muscles__3': 'Sternocleidomastoid', 'antagonist_muscles__3': '', 'name__3': 'Neck Flexion' ... 9155 parameters truncated ... 'main_muscle__613': 'Calves', 'synergist_muscles__613': 'None', 'parent_id__613': None, 'secondary_muscles__613': 'Tibialis Anterior', 'force_type__613': 'Pull', 'is_variation__614': 'No', 'equipment__614': 'Smith', 'target_muscles__614': 'Tibialis Anterior', 'antagonist_muscles__614': '', 'name__614': 'Reverse Calf Raise', 'mechanics_type__614': 'Isolated', 'utility_type__614': 'Basic or Auxiliary', 'difficulty__614': 2, 'stabilizer_muscles__614': 'No significant stabilizers', 'dynamic_stabilizer_muscles__614': '', 'main_muscle__614': 'Calves', 'synergist_muscles__614': 'None', 'parent_id__614': None, 'secondary_muscles__614': 'Tibialis Anterior', 'force_type__614': 'Pull', 'is_variation__615': 'No', 'equipment__615': 'Body Weight', 'target_muscles__615': 'Tibialis Anterior', 'antagonist_muscles__615': '', 'name__615': 'Reverse Calf Raise', 'mechanics_type__615': 'Isolated', 'utility_type__615': 'Basic or Auxiliary', 'difficulty__615': 2, 'stabilizer_muscles__615': '', 'dynamic_stabilizer_muscles__615': '', 'main_muscle__615': 'Calves', 'synergist_muscles__615': 'None', 'parent_id__615': None, 'secondary_muscles__615': 'Tibialis Anterior', 'force_type__615': 'Pull', 'is_variation__616': 'Yes', 'equipment__616': 'Body Weight', 'target_muscles__616': 'Tibialis Anterior', 'antagonist_muscles__616': '', 'name__616': 'Reverse Calf Raise: Single Leg', 'mechanics_type__616': 'Isolated', 'utility_type__616': 'Auxiliary', 'difficulty__616': 3, 'stabilizer_muscles__616': 'Gluteus Medius, Gluteus Maximus, Quadratus Lumborum, Obliques', 'dynamic_stabilizer_muscles__616': '', 'main_muscle__616': 'Calves', 'synergist_muscles__616': 'None', 'parent_id__616': 615.0, 'secondary_muscles__616': 'Tibialis Anterior', 'force_type__616': 'Pull'}]
(Background on this error at: https://sqlalche.me/e/20/9h9h)
INFO - Loaded 617 exercises
ERROR - Exercise seeding failed
Traceback (most recent call last):
  File "C:\Users\MIQDAD\Python\iron-hat\backend\.venv\Lib\site-packages\sqlalchemy\engine\base.py", line 2127, in _exec_insertmany_context
    dialect.do_execute(
    ~~~~~~~~~~~~~~~~~~^
        cursor,
        ^^^^^^^
    ...<2 lines>...
        context,
        ^^^^^^^^
    )
    ^
  File "C:\Users\MIQDAD\Python\iron-hat\backend\.venv\Lib\site-packages\sqlalchemy\engine\default.py", line 952, in do_execute
    cursor.execute(statement, parameters)
    ~~~~~~~~~~~~~~^^^^^^^^^^^^^^^^^^^^^^^
  File "C:\Users\MIQDAD\Python\iron-hat\backend\.venv\Lib\site-packages\psycopg\cursor.py", line 117, in execute
    raise ex.with_traceback(None)
psycopg.errors.StringDataRightTruncation: value too long for type character varying(50)

The above exception was the direct cause of the following exception:

Traceback (most recent call last):
  File "C:\Users\MIQDAD\Python\iron-hat\scripts\seed_exercise.py", line 67, in seed
    db.commit()
    ~~~~~~~~~^^
  File "C:\Users\MIQDAD\Python\iron-hat\backend\.venv\Lib\site-packages\sqlalchemy\orm\session.py", line 2035, in commit
    trans.commit(_to_root=True)
    ~~~~~~~~~~~~^^^^^^^^^^^^^^^
  File "<string>", line 2, in commit
  File "C:\Users\MIQDAD\Python\iron-hat\backend\.venv\Lib\site-packages\sqlalchemy\orm\state_changes.py", line 137, in _go
    ret_value = fn(self, *arg, **kw)
  File "C:\Users\MIQDAD\Python\iron-hat\backend\.venv\Lib\site-packages\sqlalchemy\orm\session.py", line 1316, in commit
    self._prepare_impl()
    ~~~~~~~~~~~~~~~~~~^^
  File "<string>", line 2, in _prepare_impl
  File "C:\Users\MIQDAD\Python\iron-hat\backend\.venv\Lib\site-packages\sqlalchemy\orm\state_changes.py", line 137, in _go
    ret_value = fn(self, *arg, **kw)
  File "C:\Users\MIQDAD\Python\iron-hat\backend\.venv\Lib\site-packages\sqlalchemy\orm\session.py", line 1290, in _prepare_impl
    self.session.flush()
    ~~~~~~~~~~~~~~~~~~^^
  File "C:\Users\MIQDAD\Python\iron-hat\backend\.venv\Lib\site-packages\sqlalchemy\orm\session.py", line 4353, in flush
    self._flush(objects)
    ~~~~~~~~~~~^^^^^^^^^
  File "C:\Users\MIQDAD\Python\iron-hat\backend\.venv\Lib\site-packages\sqlalchemy\orm\session.py", line 4488, in _flush
    with util.safe_reraise():
         ~~~~~~~~~~~~~~~~~^^
  File "C:\Users\MIQDAD\Python\iron-hat\backend\.venv\Lib\site-packages\sqlalchemy\util\langhelpers.py", line 122, in __exit__
    raise exc_value.with_traceback(exc_tb)
  File "C:\Users\MIQDAD\Python\iron-hat\backend\.venv\Lib\site-packages\sqlalchemy\orm\session.py", line 4449, in _flush
    flush_context.execute()
    ~~~~~~~~~~~~~~~~~~~~~^^
  File "C:\Users\MIQDAD\Python\iron-hat\backend\.venv\Lib\site-packages\sqlalchemy\orm\unitofwork.py", line 465, in execute
    rec.execute(self)
    ~~~~~~~~~~~^^^^^^
  File "C:\Users\MIQDAD\Python\iron-hat\backend\.venv\Lib\site-packages\sqlalchemy\orm\unitofwork.py", line 641, in execute
    util.preloaded.orm_persistence.save_obj(
    ~~~~~~~~~~~~~~~~~~~~~~~~~~~~~~~~~~~~~~~^
        self.mapper,
        ^^^^^^^^^^^^
        uow.states_for_mapper_hierarchy(self.mapper, False, False),
        ^^^^^^^^^^^^^^^^^^^^^^^^^^^^^^^^^^^^^^^^^^^^^^^^^^^^^^^^^^^
        uow,
        ^^^^
    )
    ^
  File "C:\Users\MIQDAD\Python\iron-hat\backend\.venv\Lib\site-packages\sqlalchemy\orm\persistence.py", line 94, in save_obj
    _emit_insert_statements(
    ~~~~~~~~~~~~~~~~~~~~~~~^
        base_mapper,
        ^^^^^^^^^^^^
    ...<3 lines>...
        insert,
        ^^^^^^^
    )
    ^
  File "C:\Users\MIQDAD\Python\iron-hat\backend\.venv\Lib\site-packages\sqlalchemy\orm\persistence.py", line 1144, in _emit_insert_statements
    result = connection.execute(
        statement, multiparams, execution_options=execution_options
    )
  File "C:\Users\MIQDAD\Python\iron-hat\backend\.venv\Lib\site-packages\sqlalchemy\engine\base.py", line 1421, in execute
    return meth(
        self,
        distilled_parameters,
        execution_options or NO_OPTIONS,
    )
  File "C:\Users\MIQDAD\Python\iron-hat\backend\.venv\Lib\site-packages\sqlalchemy\sql\elements.py", line 526, in _execute_on_connection
    return connection._execute_clauseelement(
           ~~~~~~~~~~~~~~~~~~~~~~~~~~~~~~~~~^
        self, distilled_params, execution_options
        ^^^^^^^^^^^^^^^^^^^^^^^^^^^^^^^^^^^^^^^^^
    )
    ^
  File "C:\Users\MIQDAD\Python\iron-hat\backend\.venv\Lib\site-packages\sqlalchemy\engine\base.py", line 1643, in _execute_clauseelement
    ret = self._execute_context(
        dialect,
    ...<8 lines>...
        cache_hit=cache_hit,
    )
  File "C:\Users\MIQDAD\Python\iron-hat\backend\.venv\Lib\site-packages\sqlalchemy\engine\base.py", line 1846, in _execute_context
    return self._exec_insertmany_context(dialect, context)
           ~~~~~~~~~~~~~~~~~~~~~~~~~~~~~^^^^^^^^^^^^^^^^^^
  File "C:\Users\MIQDAD\Python\iron-hat\backend\.venv\Lib\site-packages\sqlalchemy\engine\base.py", line 2135, in _exec_insertmany_context
    self._handle_dbapi_exception(
    ~~~~~~~~~~~~~~~~~~~~~~~~~~~~^
        e,
        ^^
    ...<4 lines>...
        is_sub_exec=True,
        ^^^^^^^^^^^^^^^^^
    )
    ^
  File "C:\Users\MIQDAD\Python\iron-hat\backend\.venv\Lib\site-packages\sqlalchemy\engine\base.py", line 2365, in _handle_dbapi_exception
    raise sqlalchemy_exception.with_traceback(exc_info[2]) from e
  File "C:\Users\MIQDAD\Python\iron-hat\backend\.venv\Lib\site-packages\sqlalchemy\engine\base.py", line 2127, in _exec_insertmany_context
    dialect.do_execute(
    ~~~~~~~~~~~~~~~~~~^
        cursor,
        ^^^^^^^
    ...<2 lines>...
        context,
        ^^^^^^^^
    )
    ^
  File "C:\Users\MIQDAD\Python\iron-hat\backend\.venv\Lib\site-packages\sqlalchemy\engine\default.py", line 952, in do_execute
    cursor.execute(statement, parameters)
    ~~~~~~~~~~~~~~^^^^^^^^^^^^^^^^^^^^^^^
  File "C:\Users\MIQDAD\Python\iron-hat\backend\.venv\Lib\site-packages\psycopg\cursor.py", line 117, in execute
    raise ex.with_traceback(None)
sqlalchemy.exc.DataError: (psycopg.errors.StringDataRightTruncation) value too long for type character varying(50)
[SQL: INSERT INTO exercises (name, equipment, is_variation, utility_type, mechanics_type, force_type, target_muscles, main_muscle, secondary_muscles, difficulty, synergist_muscles, stabilizer_muscles, antagonist_muscles, dynamic_stabilizer_muscles, parent_ ... 311954 characters truncated ...  p11, p12, p13, p14, sen_counter) ORDER BY sen_counter RETURNING exercises.id, exercises.id AS id__1]
[parameters: {'antagonist_muscles__0': '', 'mechanics_type__0': 'Isolated', 'force_type__0': 'Pull', 'dynamic_stabilizer_muscles__0': '', 'main_muscle__0': 'Neck', 'name__0': 'Neck Flexion', 'utility_type__0': 'Basic or Auxiliary', 'parent_id__0': None, 'stabilizer_muscles__0': 'Rectus Abdominis, Obliques', 'synergist_muscles__0': 'None', 'is_variation__0': 'No', 'target_muscles__0': 'Sternocleidomastoid', 'difficulty__0': 2, 'secondary_muscles__0': 'Sternocleidomastoid', 'equipment__0': 'Cable', 'antagonist_muscles__1': '', 'mechanics_type__1': 'Isolated', 'force_type__1': 'Pull', 'dynamic_stabilizer_muscles__1': '', 'main_muscle__1': 'Neck', 'name__1': 'Neck Flexion', 'utility_type__1': 'Basic or Auxiliary', 'parent_id__1': None, 'stabilizer_muscles__1': 'Latissimus Dorsi, Deltoid, Posterior, Rhomboids, Trapezius, Middle, Trapezius, Lower, Triceps Brachii, Rectus Abdominis, Obliques', 'synergist_muscles__1': 'None', 'is_variation__1': 'No', 'target_muscles__1': 'Sternocleidomastoid', 'difficulty__1': 2, 'secondary_muscles__1': 'Sternocleidomastoid', 'equipment__1': 'Lever (plate loaded)', 'antagonist_muscles__2': '', 'mechanics_type__2': 'Isolated', 'force_type__2': 'Pull', 'dynamic_stabilizer_muscles__2': '', 'main_muscle__2': 'Neck', 'name__2': 'Lateral Neck Flexion', 'utility_type__2': 'Auxiliary', 'parent_id__2': None, 'stabilizer_muscles__2': 'Latissimus Dorsi, Pectoralis Major, Sternal, Pectoralis Major, Clavicular, Coracobrachialis, Pectoralis Minor', 'synergist_muscles__2': 'Splenius, Erector Spinae, Levator Scapulae, Trapezius, Upper', 'is_variation__2': 'No', 'target_muscles__2': 'Sternocleidomastoid', 'difficulty__2': 2, 'secondary_muscles__2': 'Sternocleidomastoid, Levator Scapulae', 'equipment__2': 'Lever (plate loaded)', 'antagonist_muscles__3': '', 'mechanics_type__3': 'Isolated', 'force_type__3': 'Pull', 'dynamic_stabilizer_muscles__3': '', 'main_muscle__3': 'Neck' ... 9155 parameters truncated ... 'is_variation__613': 'No', 'target_muscles__613': 'Tibialis Anterior', 'difficulty__613': 2, 'secondary_muscles__613': 'Tibialis Anterior', 'equipment__613': 'Sled', 'antagonist_muscles__614': '', 'mechanics_type__614': 'Isolated', 'force_type__614': 'Pull', 'dynamic_stabilizer_muscles__614': '', 'main_muscle__614': 'Calves', 'name__614': 'Reverse Calf Raise', 'utility_type__614': 'Basic or Auxiliary', 'parent_id__614': None, 'stabilizer_muscles__614': 'No significant stabilizers', 'synergist_muscles__614': 'None', 'is_variation__614': 'No', 'target_muscles__614': 'Tibialis Anterior', 'difficulty__614': 2, 'secondary_muscles__614': 'Tibialis Anterior', 'equipment__614': 'Smith', 'antagonist_muscles__615': '', 'mechanics_type__615': 'Isolated', 'force_type__615': 'Pull', 'dynamic_stabilizer_muscles__615': '', 'main_muscle__615': 'Calves', 'name__615': 'Reverse Calf Raise', 'utility_type__615': 'Basic or Auxiliary', 'parent_id__615': None, 'stabilizer_muscles__615': '', 'synergist_muscles__615': 'None', 'is_variation__615': 'No', 'target_muscles__615': 'Tibialis Anterior', 'difficulty__615': 2, 'secondary_muscles__615': 'Tibialis Anterior', 'equipment__615': 'Body Weight', 'antagonist_muscles__616': '', 'mechanics_type__616': 'Isolated', 'force_type__616': 'Pull', 'dynamic_stabilizer_muscles__616': '', 'main_muscle__616': 'Calves', 'name__616': 'Reverse Calf Raise: Single Leg', 'utility_type__616': 'Auxiliary', 'parent_id__616': 615.0, 'stabilizer_muscles__616': 'Gluteus Medius, Gluteus Maximus, Quadratus Lumborum, Obliques', 'synergist_muscles__616': 'None', 'is_variation__616': 'Yes', 'target_muscles__616': 'Tibialis Anterior', 'difficulty__616': 3, 'secondary_muscles__616': 'Tibialis Anterior', 'equipment__616': 'Body Weight'}]
(Background on this error at: https://sqlalche.me/e/20/9h9h)
INFO - Loaded 617 exercises
ERROR - Exercise seeding failed
Traceback (most recent call last):
  File "C:\Users\MIQDAD\Python\iron-hat\backend\.venv\Lib\site-packages\sqlalchemy\engine\base.py", line 2127, in _exec_insertmany_context
    dialect.do_execute(
    ~~~~~~~~~~~~~~~~~~^
        cursor,
        ^^^^^^^
    ...<2 lines>...
        context,
        ^^^^^^^^
    )
    ^
  File "C:\Users\MIQDAD\Python\iron-hat\backend\.venv\Lib\site-packages\sqlalchemy\engine\default.py", line 952, in do_execute
    cursor.execute(statement, parameters)
    ~~~~~~~~~~~~~~^^^^^^^^^^^^^^^^^^^^^^^
  File "C:\Users\MIQDAD\Python\iron-hat\backend\.venv\Lib\site-packages\psycopg\cursor.py", line 117, in execute
    raise ex.with_traceback(None)
psycopg.errors.StringDataRightTruncation: value too long for type character varying(50)

The above exception was the direct cause of the following exception:

Traceback (most recent call last):
  File "C:\Users\MIQDAD\Python\iron-hat\scripts\seed_exercise.py", line 67, in seed
    db.commit()
    ~~~~~~~~~^^
  File "C:\Users\MIQDAD\Python\iron-hat\backend\.venv\Lib\site-packages\sqlalchemy\orm\session.py", line 2035, in commit
    trans.commit(_to_root=True)
    ~~~~~~~~~~~~^^^^^^^^^^^^^^^
  File "<string>", line 2, in commit
  File "C:\Users\MIQDAD\Python\iron-hat\backend\.venv\Lib\site-packages\sqlalchemy\orm\state_changes.py", line 137, in _go
    ret_value = fn(self, *arg, **kw)
  File "C:\Users\MIQDAD\Python\iron-hat\backend\.venv\Lib\site-packages\sqlalchemy\orm\session.py", line 1316, in commit
    self._prepare_impl()
    ~~~~~~~~~~~~~~~~~~^^
  File "<string>", line 2, in _prepare_impl
  File "C:\Users\MIQDAD\Python\iron-hat\backend\.venv\Lib\site-packages\sqlalchemy\orm\state_changes.py", line 137, in _go
    ret_value = fn(self, *arg, **kw)
  File "C:\Users\MIQDAD\Python\iron-hat\backend\.venv\Lib\site-packages\sqlalchemy\orm\session.py", line 1290, in _prepare_impl
    self.session.flush()
    ~~~~~~~~~~~~~~~~~~^^
  File "C:\Users\MIQDAD\Python\iron-hat\backend\.venv\Lib\site-packages\sqlalchemy\orm\session.py", line 4353, in flush
    self._flush(objects)
    ~~~~~~~~~~~^^^^^^^^^
  File "C:\Users\MIQDAD\Python\iron-hat\backend\.venv\Lib\site-packages\sqlalchemy\orm\session.py", line 4488, in _flush
    with util.safe_reraise():
         ~~~~~~~~~~~~~~~~~^^
  File "C:\Users\MIQDAD\Python\iron-hat\backend\.venv\Lib\site-packages\sqlalchemy\util\langhelpers.py", line 122, in __exit__
    raise exc_value.with_traceback(exc_tb)
  File "C:\Users\MIQDAD\Python\iron-hat\backend\.venv\Lib\site-packages\sqlalchemy\orm\session.py", line 4449, in _flush
    flush_context.execute()
    ~~~~~~~~~~~~~~~~~~~~~^^
  File "C:\Users\MIQDAD\Python\iron-hat\backend\.venv\Lib\site-packages\sqlalchemy\orm\unitofwork.py", line 465, in execute
    rec.execute(self)
    ~~~~~~~~~~~^^^^^^
  File "C:\Users\MIQDAD\Python\iron-hat\backend\.venv\Lib\site-packages\sqlalchemy\orm\unitofwork.py", line 641, in execute
    util.preloaded.orm_persistence.save_obj(
    ~~~~~~~~~~~~~~~~~~~~~~~~~~~~~~~~~~~~~~~^
        self.mapper,
        ^^^^^^^^^^^^
        uow.states_for_mapper_hierarchy(self.mapper, False, False),
        ^^^^^^^^^^^^^^^^^^^^^^^^^^^^^^^^^^^^^^^^^^^^^^^^^^^^^^^^^^^
        uow,
        ^^^^
    )
    ^
  File "C:\Users\MIQDAD\Python\iron-hat\backend\.venv\Lib\site-packages\sqlalchemy\orm\persistence.py", line 94, in save_obj
    _emit_insert_statements(
    ~~~~~~~~~~~~~~~~~~~~~~~^
        base_mapper,
        ^^^^^^^^^^^^
    ...<3 lines>...
        insert,
        ^^^^^^^
    )
    ^
  File "C:\Users\MIQDAD\Python\iron-hat\backend\.venv\Lib\site-packages\sqlalchemy\orm\persistence.py", line 1144, in _emit_insert_statements
    result = connection.execute(
        statement, multiparams, execution_options=execution_options
    )
  File "C:\Users\MIQDAD\Python\iron-hat\backend\.venv\Lib\site-packages\sqlalchemy\engine\base.py", line 1421, in execute
    return meth(
        self,
        distilled_parameters,
        execution_options or NO_OPTIONS,
    )
  File "C:\Users\MIQDAD\Python\iron-hat\backend\.venv\Lib\site-packages\sqlalchemy\sql\elements.py", line 526, in _execute_on_connection
    return connection._execute_clauseelement(
           ~~~~~~~~~~~~~~~~~~~~~~~~~~~~~~~~~^
        self, distilled_params, execution_options
        ^^^^^^^^^^^^^^^^^^^^^^^^^^^^^^^^^^^^^^^^^
    )
    ^
  File "C:\Users\MIQDAD\Python\iron-hat\backend\.venv\Lib\site-packages\sqlalchemy\engine\base.py", line 1643, in _execute_clauseelement
    ret = self._execute_context(
        dialect,
    ...<8 lines>...
        cache_hit=cache_hit,
    )
  File "C:\Users\MIQDAD\Python\iron-hat\backend\.venv\Lib\site-packages\sqlalchemy\engine\base.py", line 1846, in _execute_context
    return self._exec_insertmany_context(dialect, context)
           ~~~~~~~~~~~~~~~~~~~~~~~~~~~~~^^^^^^^^^^^^^^^^^^
  File "C:\Users\MIQDAD\Python\iron-hat\backend\.venv\Lib\site-packages\sqlalchemy\engine\base.py", line 2135, in _exec_insertmany_context
    self._handle_dbapi_exception(
    ~~~~~~~~~~~~~~~~~~~~~~~~~~~~^
        e,
        ^^
    ...<4 lines>...
        is_sub_exec=True,
        ^^^^^^^^^^^^^^^^^
    )
    ^
  File "C:\Users\MIQDAD\Python\iron-hat\backend\.venv\Lib\site-packages\sqlalchemy\engine\base.py", line 2365, in _handle_dbapi_exception
    raise sqlalchemy_exception.with_traceback(exc_info[2]) from e
  File "C:\Users\MIQDAD\Python\iron-hat\backend\.venv\Lib\site-packages\sqlalchemy\engine\base.py", line 2127, in _exec_insertmany_context
    dialect.do_execute(
    ~~~~~~~~~~~~~~~~~~^
        cursor,
        ^^^^^^^
    ...<2 lines>...
        context,
        ^^^^^^^^
    )
    ^
  File "C:\Users\MIQDAD\Python\iron-hat\backend\.venv\Lib\site-packages\sqlalchemy\engine\default.py", line 952, in do_execute
    cursor.execute(statement, parameters)
    ~~~~~~~~~~~~~~^^^^^^^^^^^^^^^^^^^^^^^
  File "C:\Users\MIQDAD\Python\iron-hat\backend\.venv\Lib\site-packages\psycopg\cursor.py", line 117, in execute
    raise ex.with_traceback(None)
sqlalchemy.exc.DataError: (psycopg.errors.StringDataRightTruncation) value too long for type character varying(50)
[SQL: INSERT INTO exercises (name, equipment, is_variation, utility_type, mechanics_type, force_type, target_muscles, main_muscle, secondary_muscles, difficulty, synergist_muscles, stabilizer_muscles, antagonist_muscles, dynamic_stabilizer_muscles, parent_ ... 311954 characters truncated ...  p11, p12, p13, p14, sen_counter) ORDER BY sen_counter RETURNING exercises.id, exercises.id AS id__1]
[parameters: {'main_muscle__0': 'Neck', 'utility_type__0': 'Basic or Auxiliary', 'secondary_muscles__0': 'Sternocleidomastoid', 'mechanics_type__0': 'Isolated', 'dynamic_stabilizer_muscles__0': '', 'force_type__0': 'Pull', 'parent_id__0': None, 'synergist_muscles__0': 'None', 'stabilizer_muscles__0': 'Rectus Abdominis, Obliques', 'difficulty__0': 2, 'equipment__0': 'Cable', 'name__0': 'Neck Flexion', 'antagonist_muscles__0': '', 'is_variation__0': 'No', 'target_muscles__0': 'Sternocleidomastoid', 'main_muscle__1': 'Neck', 'utility_type__1': 'Basic or Auxiliary', 'secondary_muscles__1': 'Sternocleidomastoid', 'mechanics_type__1': 'Isolated', 'dynamic_stabilizer_muscles__1': '', 'force_type__1': 'Pull', 'parent_id__1': None, 'synergist_muscles__1': 'None', 'stabilizer_muscles__1': 'Latissimus Dorsi, Deltoid, Posterior, Rhomboids, Trapezius, Middle, Trapezius, Lower, Triceps Brachii, Rectus Abdominis, Obliques', 'difficulty__1': 2, 'equipment__1': 'Lever (plate loaded)', 'name__1': 'Neck Flexion', 'antagonist_muscles__1': '', 'is_variation__1': 'No', 'target_muscles__1': 'Sternocleidomastoid', 'main_muscle__2': 'Neck', 'utility_type__2': 'Auxiliary', 'secondary_muscles__2': 'Sternocleidomastoid, Levator Scapulae', 'mechanics_type__2': 'Isolated', 'dynamic_stabilizer_muscles__2': '', 'force_type__2': 'Pull', 'parent_id__2': None, 'synergist_muscles__2': 'Splenius, Erector Spinae, Levator Scapulae, Trapezius, Upper', 'stabilizer_muscles__2': 'Latissimus Dorsi, Pectoralis Major, Sternal, Pectoralis Major, Clavicular, Coracobrachialis, Pectoralis Minor', 'difficulty__2': 2, 'equipment__2': 'Lever (plate loaded)', 'name__2': 'Lateral Neck Flexion', 'antagonist_muscles__2': '', 'is_variation__2': 'No', 'target_muscles__2': 'Sternocleidomastoid', 'main_muscle__3': 'Neck', 'utility_type__3': 'Basic or Auxiliary', 'secondary_muscles__3': 'Sternocleidomastoid', 'mechanics_type__3': 'Isolated', 'dynamic_stabilizer_muscles__3': '' ... 9155 parameters truncated ... 'equipment__613': 'Sled', 'name__613': 'Seated Reverse Calf Press', 'antagonist_muscles__613': '', 'is_variation__613': 'No', 'target_muscles__613': 'Tibialis Anterior', 'main_muscle__614': 'Calves', 'utility_type__614': 'Basic or Auxiliary', 'secondary_muscles__614': 'Tibialis Anterior', 'mechanics_type__614': 'Isolated', 'dynamic_stabilizer_muscles__614': '', 'force_type__614': 'Pull', 'parent_id__614': None, 'synergist_muscles__614': 'None', 'stabilizer_muscles__614': 'No significant stabilizers', 'difficulty__614': 2, 'equipment__614': 'Smith', 'name__614': 'Reverse Calf Raise', 'antagonist_muscles__614': '', 'is_variation__614': 'No', 'target_muscles__614': 'Tibialis Anterior', 'main_muscle__615': 'Calves', 'utility_type__615': 'Basic or Auxiliary', 'secondary_muscles__615': 'Tibialis Anterior', 'mechanics_type__615': 'Isolated', 'dynamic_stabilizer_muscles__615': '', 'force_type__615': 'Pull', 'parent_id__615': None, 'synergist_muscles__615': 'None', 'stabilizer_muscles__615': '', 'difficulty__615': 2, 'equipment__615': 'Body Weight', 'name__615': 'Reverse Calf Raise', 'antagonist_muscles__615': '', 'is_variation__615': 'No', 'target_muscles__615': 'Tibialis Anterior', 'main_muscle__616': 'Calves', 'utility_type__616': 'Auxiliary', 'secondary_muscles__616': 'Tibialis Anterior', 'mechanics_type__616': 'Isolated', 'dynamic_stabilizer_muscles__616': '', 'force_type__616': 'Pull', 'parent_id__616': 615.0, 'synergist_muscles__616': 'None', 'stabilizer_muscles__616': 'Gluteus Medius, Gluteus Maximus, Quadratus Lumborum, Obliques', 'difficulty__616': 3, 'equipment__616': 'Body Weight', 'name__616': 'Reverse Calf Raise: Single Leg', 'antagonist_muscles__616': '', 'is_variation__616': 'Yes', 'target_muscles__616': 'Tibialis Anterior'}]
(Background on this error at: https://sqlalche.me/e/20/9h9h)
ERROR - Exercise seeding failed
Traceback (most recent call last):
  File "C:\Users\MIQDAD\Python\iron-hat\scripts\seed_exercise.py", line 42, in seed
    df = pd.read_json(file)
  File "C:\Users\MIQDAD\Python\iron-hat\scripts\.s_venv\Lib\site-packages\pandas\io\json\_json.py", line 853, in read_json
    return json_reader.read()
           ~~~~~~~~~~~~~~~~^^
  File "C:\Users\MIQDAD\Python\iron-hat\scripts\.s_venv\Lib\site-packages\pandas\io\json\_json.py", line 989, in read
    obj = self._read_ujson()
  File "C:\Users\MIQDAD\Python\iron-hat\scripts\.s_venv\Lib\site-packages\pandas\io\json\_json.py", line 1035, in _read_ujson
    obj = self._get_object_parser(self.data)
  File "C:\Users\MIQDAD\Python\iron-hat\scripts\.s_venv\Lib\site-packages\pandas\io\json\_json.py", line 1061, in _get_object_parser
    return FrameParser(json, **kwargs).parse()
           ~~~~~~~~~~~~~~~~~~~~~~~~~~~~~~~~~^^
  File "C:\Users\MIQDAD\Python\iron-hat\scripts\.s_venv\Lib\site-packages\pandas\io\json\_json.py", line 1195, in parse
    obj = self._parse()
  File "C:\Users\MIQDAD\Python\iron-hat\scripts\.s_venv\Lib\site-packages\pandas\io\json\_json.py", line 1431, in _parse
    ujson_loads(json, precise_float=self.precise_float), dtype=None
    ~~~~~~~~~~~^^^^^^^^^^^^^^^^^^^^^^^^^^^^^^^^^^^^^^^^
ValueError: Expected object or value
ERROR - Exercise seeding failed
Traceback (most recent call last):
  File "C:\Users\MIQDAD\Python\iron-hat\scripts\seed_exercise.py", line 42, in seed
    df = pd.read_json(file, dtype=str)
  File "C:\Users\MIQDAD\Python\iron-hat\scripts\.s_venv\Lib\site-packages\pandas\io\json\_json.py", line 853, in read_json
    return json_reader.read()
           ~~~~~~~~~~~~~~~~^^
  File "C:\Users\MIQDAD\Python\iron-hat\scripts\.s_venv\Lib\site-packages\pandas\io\json\_json.py", line 989, in read
    obj = self._read_ujson()
  File "C:\Users\MIQDAD\Python\iron-hat\scripts\.s_venv\Lib\site-packages\pandas\io\json\_json.py", line 1035, in _read_ujson
    obj = self._get_object_parser(self.data)
  File "C:\Users\MIQDAD\Python\iron-hat\scripts\.s_venv\Lib\site-packages\pandas\io\json\_json.py", line 1061, in _get_object_parser
    return FrameParser(json, **kwargs).parse()
           ~~~~~~~~~~~~~~~~~~~~~~~~~~~~~~~~~^^
  File "C:\Users\MIQDAD\Python\iron-hat\scripts\.s_venv\Lib\site-packages\pandas\io\json\_json.py", line 1195, in parse
    obj = self._parse()
  File "C:\Users\MIQDAD\Python\iron-hat\scripts\.s_venv\Lib\site-packages\pandas\io\json\_json.py", line 1431, in _parse
    ujson_loads(json, precise_float=self.precise_float), dtype=None
    ~~~~~~~~~~~^^^^^^^^^^^^^^^^^^^^^^^^^^^^^^^^^^^^^^^^
ValueError: Expected object or value
INFO - Loaded 617 exercises
ERROR - Exercise seeding failed
Traceback (most recent call last):
  File "C:\Users\MIQDAD\Python\iron-hat\scripts\.s_venv\Lib\site-packages\sqlalchemy\engine\base.py", line 2127, in _exec_insertmany_context
    dialect.do_execute(
    ~~~~~~~~~~~~~~~~~~^
        cursor,
        ^^^^^^^
    ...<2 lines>...
        context,
        ^^^^^^^^
    )
    ^
  File "C:\Users\MIQDAD\Python\iron-hat\scripts\.s_venv\Lib\site-packages\sqlalchemy\engine\default.py", line 952, in do_execute
    cursor.execute(statement, parameters)
    ~~~~~~~~~~~~~~^^^^^^^^^^^^^^^^^^^^^^^
  File "C:\Users\MIQDAD\Python\iron-hat\scripts\.s_venv\Lib\site-packages\psycopg\cursor.py", line 117, in execute
    raise ex.with_traceback(None)
psycopg.errors.NumericValueOutOfRange: integer out of range

The above exception was the direct cause of the following exception:

Traceback (most recent call last):
  File "C:\Users\MIQDAD\Python\iron-hat\scripts\seed_exercise.py", line 76, in seed
    db.commit()
    ~~~~~~~~~^^
  File "C:\Users\MIQDAD\Python\iron-hat\scripts\.s_venv\Lib\site-packages\sqlalchemy\orm\session.py", line 2035, in commit
    trans.commit(_to_root=True)
    ~~~~~~~~~~~~^^^^^^^^^^^^^^^
  File "<string>", line 2, in commit
  File "C:\Users\MIQDAD\Python\iron-hat\scripts\.s_venv\Lib\site-packages\sqlalchemy\orm\state_changes.py", line 137, in _go
    ret_value = fn(self, *arg, **kw)
  File "C:\Users\MIQDAD\Python\iron-hat\scripts\.s_venv\Lib\site-packages\sqlalchemy\orm\session.py", line 1316, in commit
    self._prepare_impl()
    ~~~~~~~~~~~~~~~~~~^^
  File "<string>", line 2, in _prepare_impl
  File "C:\Users\MIQDAD\Python\iron-hat\scripts\.s_venv\Lib\site-packages\sqlalchemy\orm\state_changes.py", line 137, in _go
    ret_value = fn(self, *arg, **kw)
  File "C:\Users\MIQDAD\Python\iron-hat\scripts\.s_venv\Lib\site-packages\sqlalchemy\orm\session.py", line 1290, in _prepare_impl
    self.session.flush()
    ~~~~~~~~~~~~~~~~~~^^
  File "C:\Users\MIQDAD\Python\iron-hat\scripts\.s_venv\Lib\site-packages\sqlalchemy\orm\session.py", line 4353, in flush
    self._flush(objects)
    ~~~~~~~~~~~^^^^^^^^^
  File "C:\Users\MIQDAD\Python\iron-hat\scripts\.s_venv\Lib\site-packages\sqlalchemy\orm\session.py", line 4488, in _flush
    with util.safe_reraise():
         ~~~~~~~~~~~~~~~~~^^
  File "C:\Users\MIQDAD\Python\iron-hat\scripts\.s_venv\Lib\site-packages\sqlalchemy\util\langhelpers.py", line 122, in __exit__
    raise exc_value.with_traceback(exc_tb)
  File "C:\Users\MIQDAD\Python\iron-hat\scripts\.s_venv\Lib\site-packages\sqlalchemy\orm\session.py", line 4449, in _flush
    flush_context.execute()
    ~~~~~~~~~~~~~~~~~~~~~^^
  File "C:\Users\MIQDAD\Python\iron-hat\scripts\.s_venv\Lib\site-packages\sqlalchemy\orm\unitofwork.py", line 465, in execute
    rec.execute(self)
    ~~~~~~~~~~~^^^^^^
  File "C:\Users\MIQDAD\Python\iron-hat\scripts\.s_venv\Lib\site-packages\sqlalchemy\orm\unitofwork.py", line 641, in execute
    util.preloaded.orm_persistence.save_obj(
    ~~~~~~~~~~~~~~~~~~~~~~~~~~~~~~~~~~~~~~~^
        self.mapper,
        ^^^^^^^^^^^^
        uow.states_for_mapper_hierarchy(self.mapper, False, False),
        ^^^^^^^^^^^^^^^^^^^^^^^^^^^^^^^^^^^^^^^^^^^^^^^^^^^^^^^^^^^
        uow,
        ^^^^
    )
    ^
  File "C:\Users\MIQDAD\Python\iron-hat\scripts\.s_venv\Lib\site-packages\sqlalchemy\orm\persistence.py", line 94, in save_obj
    _emit_insert_statements(
    ~~~~~~~~~~~~~~~~~~~~~~~^
        base_mapper,
        ^^^^^^^^^^^^
    ...<3 lines>...
        insert,
        ^^^^^^^
    )
    ^
  File "C:\Users\MIQDAD\Python\iron-hat\scripts\.s_venv\Lib\site-packages\sqlalchemy\orm\persistence.py", line 1144, in _emit_insert_statements
    result = connection.execute(
        statement, multiparams, execution_options=execution_options
    )
  File "C:\Users\MIQDAD\Python\iron-hat\scripts\.s_venv\Lib\site-packages\sqlalchemy\engine\base.py", line 1421, in execute
    return meth(
        self,
        distilled_parameters,
        execution_options or NO_OPTIONS,
    )
  File "C:\Users\MIQDAD\Python\iron-hat\scripts\.s_venv\Lib\site-packages\sqlalchemy\sql\elements.py", line 526, in _execute_on_connection
    return connection._execute_clauseelement(
           ~~~~~~~~~~~~~~~~~~~~~~~~~~~~~~~~~^
        self, distilled_params, execution_options
        ^^^^^^^^^^^^^^^^^^^^^^^^^^^^^^^^^^^^^^^^^
    )
    ^
  File "C:\Users\MIQDAD\Python\iron-hat\scripts\.s_venv\Lib\site-packages\sqlalchemy\engine\base.py", line 1643, in _execute_clauseelement
    ret = self._execute_context(
        dialect,
    ...<8 lines>...
        cache_hit=cache_hit,
    )
  File "C:\Users\MIQDAD\Python\iron-hat\scripts\.s_venv\Lib\site-packages\sqlalchemy\engine\base.py", line 1846, in _execute_context
    return self._exec_insertmany_context(dialect, context)
           ~~~~~~~~~~~~~~~~~~~~~~~~~~~~~^^^^^^^^^^^^^^^^^^
  File "C:\Users\MIQDAD\Python\iron-hat\scripts\.s_venv\Lib\site-packages\sqlalchemy\engine\base.py", line 2135, in _exec_insertmany_context
    self._handle_dbapi_exception(
    ~~~~~~~~~~~~~~~~~~~~~~~~~~~~^
        e,
        ^^
    ...<4 lines>...
        is_sub_exec=True,
        ^^^^^^^^^^^^^^^^^
    )
    ^
  File "C:\Users\MIQDAD\Python\iron-hat\scripts\.s_venv\Lib\site-packages\sqlalchemy\engine\base.py", line 2365, in _handle_dbapi_exception
    raise sqlalchemy_exception.with_traceback(exc_info[2]) from e
  File "C:\Users\MIQDAD\Python\iron-hat\scripts\.s_venv\Lib\site-packages\sqlalchemy\engine\base.py", line 2127, in _exec_insertmany_context
    dialect.do_execute(
    ~~~~~~~~~~~~~~~~~~^
        cursor,
        ^^^^^^^
    ...<2 lines>...
        context,
        ^^^^^^^^
    )
    ^
  File "C:\Users\MIQDAD\Python\iron-hat\scripts\.s_venv\Lib\site-packages\sqlalchemy\engine\default.py", line 952, in do_execute
    cursor.execute(statement, parameters)
    ~~~~~~~~~~~~~~^^^^^^^^^^^^^^^^^^^^^^^
  File "C:\Users\MIQDAD\Python\iron-hat\scripts\.s_venv\Lib\site-packages\psycopg\cursor.py", line 117, in execute
    raise ex.with_traceback(None)
sqlalchemy.exc.DataError: (psycopg.errors.NumericValueOutOfRange) integer out of range
[SQL: INSERT INTO exercises (name, equipment, is_variation, utility_type, mechanics_type, force_type, target_muscles, main_muscle, secondary_muscles, difficulty, synergist_muscles, stabilizer_muscles, antagonist_muscles, dynamic_stabilizer_muscles, parent_ ... 311954 characters truncated ...  p11, p12, p13, p14, sen_counter) ORDER BY sen_counter RETURNING exercises.id, exercises.id AS id__1]
[parameters: {'parent_id__0': nan, 'equipment__0': 'Cable', 'mechanics_type__0': 'Isolated', 'target_muscles__0': 'Sternocleidomastoid', 'force_type__0': 'Pull', 'antagonist_muscles__0': '', 'main_muscle__0': 'Neck', 'synergist_muscles__0': 'None', 'name__0': 'Neck Flexion', 'utility_type__0': 'Basic or Auxiliary', 'difficulty__0': 2, 'is_variation__0': 'No', 'secondary_muscles__0': 'Sternocleidomastoid', 'dynamic_stabilizer_muscles__0': '', 'stabilizer_muscles__0': 'Rectus Abdominis, Obliques', 'parent_id__1': nan, 'equipment__1': 'Lever (plate loaded)', 'mechanics_type__1': 'Isolated', 'target_muscles__1': 'Sternocleidomastoid', 'force_type__1': 'Pull', 'antagonist_muscles__1': '', 'main_muscle__1': 'Neck', 'synergist_muscles__1': 'None', 'name__1': 'Neck Flexion', 'utility_type__1': 'Basic or Auxiliary', 'difficulty__1': 2, 'is_variation__1': 'No', 'secondary_muscles__1': 'Sternocleidomastoid', 'dynamic_stabilizer_muscles__1': '', 'stabilizer_muscles__1': 'Latissimus Dorsi, Deltoid, Posterior, Rhomboids, Trapezius, Middle, Trapezius, Lower, Triceps Brachii, Rectus Abdominis, Obliques', 'parent_id__2': nan, 'equipment__2': 'Lever (plate loaded)', 'mechanics_type__2': 'Isolated', 'target_muscles__2': 'Sternocleidomastoid', 'force_type__2': 'Pull', 'antagonist_muscles__2': '', 'main_muscle__2': 'Neck', 'synergist_muscles__2': 'Splenius, Erector Spinae, Levator Scapulae, Trapezius, Upper', 'name__2': 'Lateral Neck Flexion', 'utility_type__2': 'Auxiliary', 'difficulty__2': 2, 'is_variation__2': 'No', 'secondary_muscles__2': 'Sternocleidomastoid, Levator Scapulae', 'dynamic_stabilizer_muscles__2': '', 'stabilizer_muscles__2': 'Latissimus Dorsi, Pectoralis Major, Sternal, Pectoralis Major, Clavicular, Coracobrachialis, Pectoralis Minor', 'parent_id__3': nan, 'equipment__3': 'Lever (selectorized)', 'mechanics_type__3': 'Isolated', 'target_muscles__3': 'Sternocleidomastoid', 'force_type__3': 'Pull' ... 9155 parameters truncated ... 'difficulty__613': 2, 'is_variation__613': 'No', 'secondary_muscles__613': 'Tibialis Anterior', 'dynamic_stabilizer_muscles__613': '', 'stabilizer_muscles__613': 'No significant stabilizers', 'parent_id__614': nan, 'equipment__614': 'Smith', 'mechanics_type__614': 'Isolated', 'target_muscles__614': 'Tibialis Anterior', 'force_type__614': 'Pull', 'antagonist_muscles__614': '', 'main_muscle__614': 'Calves', 'synergist_muscles__614': 'None', 'name__614': 'Reverse Calf Raise', 'utility_type__614': 'Basic or Auxiliary', 'difficulty__614': 2, 'is_variation__614': 'No', 'secondary_muscles__614': 'Tibialis Anterior', 'dynamic_stabilizer_muscles__614': '', 'stabilizer_muscles__614': 'No significant stabilizers', 'parent_id__615': nan, 'equipment__615': 'Body Weight', 'mechanics_type__615': 'Isolated', 'target_muscles__615': 'Tibialis Anterior', 'force_type__615': 'Pull', 'antagonist_muscles__615': '', 'main_muscle__615': 'Calves', 'synergist_muscles__615': 'None', 'name__615': 'Reverse Calf Raise', 'utility_type__615': 'Basic or Auxiliary', 'difficulty__615': 2, 'is_variation__615': 'No', 'secondary_muscles__615': 'Tibialis Anterior', 'dynamic_stabilizer_muscles__615': '', 'stabilizer_muscles__615': '', 'parent_id__616': 615.0, 'equipment__616': 'Body Weight', 'mechanics_type__616': 'Isolated', 'target_muscles__616': 'Tibialis Anterior', 'force_type__616': 'Pull', 'antagonist_muscles__616': '', 'main_muscle__616': 'Calves', 'synergist_muscles__616': 'None', 'name__616': 'Reverse Calf Raise: Single Leg', 'utility_type__616': 'Auxiliary', 'difficulty__616': 3, 'is_variation__616': 'Yes', 'secondary_muscles__616': 'Tibialis Anterior', 'dynamic_stabilizer_muscles__616': '', 'stabilizer_muscles__616': 'Gluteus Medius, Gluteus Maximus, Quadratus Lumborum, Obliques'}]
(Background on this error at: https://sqlalche.me/e/20/9h9h)
INFO - Loaded 617 exercises
ERROR - Exercise seeding failed
Traceback (most recent call last):
  File "C:\Users\MIQDAD\Python\iron-hat\scripts\.s_venv\Lib\site-packages\sqlalchemy\engine\base.py", line 2127, in _exec_insertmany_context
    dialect.do_execute(
    ~~~~~~~~~~~~~~~~~~^
        cursor,
        ^^^^^^^
    ...<2 lines>...
        context,
        ^^^^^^^^
    )
    ^
  File "C:\Users\MIQDAD\Python\iron-hat\scripts\.s_venv\Lib\site-packages\sqlalchemy\engine\default.py", line 952, in do_execute
    cursor.execute(statement, parameters)
    ~~~~~~~~~~~~~~^^^^^^^^^^^^^^^^^^^^^^^
  File "C:\Users\MIQDAD\Python\iron-hat\scripts\.s_venv\Lib\site-packages\psycopg\cursor.py", line 117, in execute
    raise ex.with_traceback(None)
psycopg.errors.NumericValueOutOfRange: integer out of range

The above exception was the direct cause of the following exception:

Traceback (most recent call last):
  File "C:\Users\MIQDAD\Python\iron-hat\scripts\seed_exercise.py", line 80, in seed
    db.commit()
    ~~~~~~~~~^^
  File "C:\Users\MIQDAD\Python\iron-hat\scripts\.s_venv\Lib\site-packages\sqlalchemy\orm\session.py", line 2035, in commit
    trans.commit(_to_root=True)
    ~~~~~~~~~~~~^^^^^^^^^^^^^^^
  File "<string>", line 2, in commit
  File "C:\Users\MIQDAD\Python\iron-hat\scripts\.s_venv\Lib\site-packages\sqlalchemy\orm\state_changes.py", line 137, in _go
    ret_value = fn(self, *arg, **kw)
  File "C:\Users\MIQDAD\Python\iron-hat\scripts\.s_venv\Lib\site-packages\sqlalchemy\orm\session.py", line 1316, in commit
    self._prepare_impl()
    ~~~~~~~~~~~~~~~~~~^^
  File "<string>", line 2, in _prepare_impl
  File "C:\Users\MIQDAD\Python\iron-hat\scripts\.s_venv\Lib\site-packages\sqlalchemy\orm\state_changes.py", line 137, in _go
    ret_value = fn(self, *arg, **kw)
  File "C:\Users\MIQDAD\Python\iron-hat\scripts\.s_venv\Lib\site-packages\sqlalchemy\orm\session.py", line 1290, in _prepare_impl
    self.session.flush()
    ~~~~~~~~~~~~~~~~~~^^
  File "C:\Users\MIQDAD\Python\iron-hat\scripts\.s_venv\Lib\site-packages\sqlalchemy\orm\session.py", line 4353, in flush
    self._flush(objects)
    ~~~~~~~~~~~^^^^^^^^^
  File "C:\Users\MIQDAD\Python\iron-hat\scripts\.s_venv\Lib\site-packages\sqlalchemy\orm\session.py", line 4488, in _flush
    with util.safe_reraise():
         ~~~~~~~~~~~~~~~~~^^
  File "C:\Users\MIQDAD\Python\iron-hat\scripts\.s_venv\Lib\site-packages\sqlalchemy\util\langhelpers.py", line 122, in __exit__
    raise exc_value.with_traceback(exc_tb)
  File "C:\Users\MIQDAD\Python\iron-hat\scripts\.s_venv\Lib\site-packages\sqlalchemy\orm\session.py", line 4449, in _flush
    flush_context.execute()
    ~~~~~~~~~~~~~~~~~~~~~^^
  File "C:\Users\MIQDAD\Python\iron-hat\scripts\.s_venv\Lib\site-packages\sqlalchemy\orm\unitofwork.py", line 465, in execute
    rec.execute(self)
    ~~~~~~~~~~~^^^^^^
  File "C:\Users\MIQDAD\Python\iron-hat\scripts\.s_venv\Lib\site-packages\sqlalchemy\orm\unitofwork.py", line 641, in execute
    util.preloaded.orm_persistence.save_obj(
    ~~~~~~~~~~~~~~~~~~~~~~~~~~~~~~~~~~~~~~~^
        self.mapper,
        ^^^^^^^^^^^^
        uow.states_for_mapper_hierarchy(self.mapper, False, False),
        ^^^^^^^^^^^^^^^^^^^^^^^^^^^^^^^^^^^^^^^^^^^^^^^^^^^^^^^^^^^
        uow,
        ^^^^
    )
    ^
  File "C:\Users\MIQDAD\Python\iron-hat\scripts\.s_venv\Lib\site-packages\sqlalchemy\orm\persistence.py", line 94, in save_obj
    _emit_insert_statements(
    ~~~~~~~~~~~~~~~~~~~~~~~^
        base_mapper,
        ^^^^^^^^^^^^
    ...<3 lines>...
        insert,
        ^^^^^^^
    )
    ^
  File "C:\Users\MIQDAD\Python\iron-hat\scripts\.s_venv\Lib\site-packages\sqlalchemy\orm\persistence.py", line 1144, in _emit_insert_statements
    result = connection.execute(
        statement, multiparams, execution_options=execution_options
    )
  File "C:\Users\MIQDAD\Python\iron-hat\scripts\.s_venv\Lib\site-packages\sqlalchemy\engine\base.py", line 1421, in execute
    return meth(
        self,
        distilled_parameters,
        execution_options or NO_OPTIONS,
    )
  File "C:\Users\MIQDAD\Python\iron-hat\scripts\.s_venv\Lib\site-packages\sqlalchemy\sql\elements.py", line 526, in _execute_on_connection
    return connection._execute_clauseelement(
           ~~~~~~~~~~~~~~~~~~~~~~~~~~~~~~~~~^
        self, distilled_params, execution_options
        ^^^^^^^^^^^^^^^^^^^^^^^^^^^^^^^^^^^^^^^^^
    )
    ^
  File "C:\Users\MIQDAD\Python\iron-hat\scripts\.s_venv\Lib\site-packages\sqlalchemy\engine\base.py", line 1643, in _execute_clauseelement
    ret = self._execute_context(
        dialect,
    ...<8 lines>...
        cache_hit=cache_hit,
    )
  File "C:\Users\MIQDAD\Python\iron-hat\scripts\.s_venv\Lib\site-packages\sqlalchemy\engine\base.py", line 1846, in _execute_context
    return self._exec_insertmany_context(dialect, context)
           ~~~~~~~~~~~~~~~~~~~~~~~~~~~~~^^^^^^^^^^^^^^^^^^
  File "C:\Users\MIQDAD\Python\iron-hat\scripts\.s_venv\Lib\site-packages\sqlalchemy\engine\base.py", line 2135, in _exec_insertmany_context
    self._handle_dbapi_exception(
    ~~~~~~~~~~~~~~~~~~~~~~~~~~~~^
        e,
        ^^
    ...<4 lines>...
        is_sub_exec=True,
        ^^^^^^^^^^^^^^^^^
    )
    ^
  File "C:\Users\MIQDAD\Python\iron-hat\scripts\.s_venv\Lib\site-packages\sqlalchemy\engine\base.py", line 2365, in _handle_dbapi_exception
    raise sqlalchemy_exception.with_traceback(exc_info[2]) from e
  File "C:\Users\MIQDAD\Python\iron-hat\scripts\.s_venv\Lib\site-packages\sqlalchemy\engine\base.py", line 2127, in _exec_insertmany_context
    dialect.do_execute(
    ~~~~~~~~~~~~~~~~~~^
        cursor,
        ^^^^^^^
    ...<2 lines>...
        context,
        ^^^^^^^^
    )
    ^
  File "C:\Users\MIQDAD\Python\iron-hat\scripts\.s_venv\Lib\site-packages\sqlalchemy\engine\default.py", line 952, in do_execute
    cursor.execute(statement, parameters)
    ~~~~~~~~~~~~~~^^^^^^^^^^^^^^^^^^^^^^^
  File "C:\Users\MIQDAD\Python\iron-hat\scripts\.s_venv\Lib\site-packages\psycopg\cursor.py", line 117, in execute
    raise ex.with_traceback(None)
sqlalchemy.exc.DataError: (psycopg.errors.NumericValueOutOfRange) integer out of range
[SQL: INSERT INTO exercises (name, equipment, is_variation, utility_type, mechanics_type, force_type, target_muscles, main_muscle, secondary_muscles, difficulty, synergist_muscles, stabilizer_muscles, antagonist_muscles, dynamic_stabilizer_muscles, parent_ ... 311954 characters truncated ...  p11, p12, p13, p14, sen_counter) ORDER BY sen_counter RETURNING exercises.id, exercises.id AS id__1]
[parameters: {'secondary_muscles__0': 'Sternocleidomastoid', 'target_muscles__0': 'Sternocleidomastoid', 'difficulty__0': 2, 'stabilizer_muscles__0': 'Rectus Abdominis, Obliques', 'equipment__0': 'Cable', 'main_muscle__0': 'Neck', 'dynamic_stabilizer_muscles__0': '', 'synergist_muscles__0': 'None', 'mechanics_type__0': 'Isolated', 'name__0': 'Neck Flexion', 'force_type__0': 'Pull', 'is_variation__0': 'No', 'utility_type__0': 'Basic or Auxiliary', 'antagonist_muscles__0': '', 'parent_id__0': nan, 'secondary_muscles__1': 'Sternocleidomastoid', 'target_muscles__1': 'Sternocleidomastoid', 'difficulty__1': 2, 'stabilizer_muscles__1': 'Latissimus Dorsi, Deltoid, Posterior, Rhomboids, Trapezius, Middle, Trapezius, Lower, Triceps Brachii, Rectus Abdominis, Obliques', 'equipment__1': 'Lever (plate loaded)', 'main_muscle__1': 'Neck', 'dynamic_stabilizer_muscles__1': '', 'synergist_muscles__1': 'None', 'mechanics_type__1': 'Isolated', 'name__1': 'Neck Flexion', 'force_type__1': 'Pull', 'is_variation__1': 'No', 'utility_type__1': 'Basic or Auxiliary', 'antagonist_muscles__1': '', 'parent_id__1': nan, 'secondary_muscles__2': 'Sternocleidomastoid, Levator Scapulae', 'target_muscles__2': 'Sternocleidomastoid', 'difficulty__2': 2, 'stabilizer_muscles__2': 'Latissimus Dorsi, Pectoralis Major, Sternal, Pectoralis Major, Clavicular, Coracobrachialis, Pectoralis Minor', 'equipment__2': 'Lever (plate loaded)', 'main_muscle__2': 'Neck', 'dynamic_stabilizer_muscles__2': '', 'synergist_muscles__2': 'Splenius, Erector Spinae, Levator Scapulae, Trapezius, Upper', 'mechanics_type__2': 'Isolated', 'name__2': 'Lateral Neck Flexion', 'force_type__2': 'Pull', 'is_variation__2': 'No', 'utility_type__2': 'Auxiliary', 'antagonist_muscles__2': '', 'parent_id__2': nan, 'secondary_muscles__3': 'Sternocleidomastoid', 'target_muscles__3': 'Sternocleidomastoid', 'difficulty__3': 2, 'stabilizer_muscles__3': 'Latissimus Dorsi, Deltoid, Posterior, Rhomboids, Trapezius, Middle, Trapezius, Lower, Triceps Brachii, Rectus Abdominis, Obliques', 'equipment__3': 'Lever (selectorized)' ... 9155 parameters truncated ... 'force_type__613': 'Pull', 'is_variation__613': 'No', 'utility_type__613': 'Basic or Auxiliary', 'antagonist_muscles__613': '', 'parent_id__613': nan, 'secondary_muscles__614': 'Tibialis Anterior', 'target_muscles__614': 'Tibialis Anterior', 'difficulty__614': 2, 'stabilizer_muscles__614': 'No significant stabilizers', 'equipment__614': 'Smith', 'main_muscle__614': 'Calves', 'dynamic_stabilizer_muscles__614': '', 'synergist_muscles__614': 'None', 'mechanics_type__614': 'Isolated', 'name__614': 'Reverse Calf Raise', 'force_type__614': 'Pull', 'is_variation__614': 'No', 'utility_type__614': 'Basic or Auxiliary', 'antagonist_muscles__614': '', 'parent_id__614': nan, 'secondary_muscles__615': 'Tibialis Anterior', 'target_muscles__615': 'Tibialis Anterior', 'difficulty__615': 2, 'stabilizer_muscles__615': '', 'equipment__615': 'Body Weight', 'main_muscle__615': 'Calves', 'dynamic_stabilizer_muscles__615': '', 'synergist_muscles__615': 'None', 'mechanics_type__615': 'Isolated', 'name__615': 'Reverse Calf Raise', 'force_type__615': 'Pull', 'is_variation__615': 'No', 'utility_type__615': 'Basic or Auxiliary', 'antagonist_muscles__615': '', 'parent_id__615': nan, 'secondary_muscles__616': 'Tibialis Anterior', 'target_muscles__616': 'Tibialis Anterior', 'difficulty__616': 3, 'stabilizer_muscles__616': 'Gluteus Medius, Gluteus Maximus, Quadratus Lumborum, Obliques', 'equipment__616': 'Body Weight', 'main_muscle__616': 'Calves', 'dynamic_stabilizer_muscles__616': '', 'synergist_muscles__616': 'None', 'mechanics_type__616': 'Isolated', 'name__616': 'Reverse Calf Raise: Single Leg', 'force_type__616': 'Pull', 'is_variation__616': 'Yes', 'utility_type__616': 'Auxiliary', 'antagonist_muscles__616': '', 'parent_id__616': 615.0}]
(Background on this error at: https://sqlalche.me/e/20/9h9h)
INFO - Loaded 617 exercises
ERROR - Exercise seeding failed
Traceback (most recent call last):
  File "C:\Users\MIQDAD\Python\iron-hat\scripts\.s_venv\Lib\site-packages\sqlalchemy\engine\base.py", line 2127, in _exec_insertmany_context
    dialect.do_execute(
    ~~~~~~~~~~~~~~~~~~^
        cursor,
        ^^^^^^^
    ...<2 lines>...
        context,
        ^^^^^^^^
    )
    ^
  File "C:\Users\MIQDAD\Python\iron-hat\scripts\.s_venv\Lib\site-packages\sqlalchemy\engine\default.py", line 952, in do_execute
    cursor.execute(statement, parameters)
    ~~~~~~~~~~~~~~^^^^^^^^^^^^^^^^^^^^^^^
  File "C:\Users\MIQDAD\Python\iron-hat\scripts\.s_venv\Lib\site-packages\psycopg\cursor.py", line 117, in execute
    raise ex.with_traceback(None)
psycopg.errors.NumericValueOutOfRange: integer out of range

The above exception was the direct cause of the following exception:

Traceback (most recent call last):
  File "C:\Users\MIQDAD\Python\iron-hat\scripts\seed_exercise.py", line 79, in seed
    db.commit()
    ~~~~~~~~~^^
  File "C:\Users\MIQDAD\Python\iron-hat\scripts\.s_venv\Lib\site-packages\sqlalchemy\orm\session.py", line 2035, in commit
    trans.commit(_to_root=True)
    ~~~~~~~~~~~~^^^^^^^^^^^^^^^
  File "<string>", line 2, in commit
  File "C:\Users\MIQDAD\Python\iron-hat\scripts\.s_venv\Lib\site-packages\sqlalchemy\orm\state_changes.py", line 137, in _go
    ret_value = fn(self, *arg, **kw)
  File "C:\Users\MIQDAD\Python\iron-hat\scripts\.s_venv\Lib\site-packages\sqlalchemy\orm\session.py", line 1316, in commit
    self._prepare_impl()
    ~~~~~~~~~~~~~~~~~~^^
  File "<string>", line 2, in _prepare_impl
  File "C:\Users\MIQDAD\Python\iron-hat\scripts\.s_venv\Lib\site-packages\sqlalchemy\orm\state_changes.py", line 137, in _go
    ret_value = fn(self, *arg, **kw)
  File "C:\Users\MIQDAD\Python\iron-hat\scripts\.s_venv\Lib\site-packages\sqlalchemy\orm\session.py", line 1290, in _prepare_impl
    self.session.flush()
    ~~~~~~~~~~~~~~~~~~^^
  File "C:\Users\MIQDAD\Python\iron-hat\scripts\.s_venv\Lib\site-packages\sqlalchemy\orm\session.py", line 4353, in flush
    self._flush(objects)
    ~~~~~~~~~~~^^^^^^^^^
  File "C:\Users\MIQDAD\Python\iron-hat\scripts\.s_venv\Lib\site-packages\sqlalchemy\orm\session.py", line 4488, in _flush
    with util.safe_reraise():
         ~~~~~~~~~~~~~~~~~^^
  File "C:\Users\MIQDAD\Python\iron-hat\scripts\.s_venv\Lib\site-packages\sqlalchemy\util\langhelpers.py", line 122, in __exit__
    raise exc_value.with_traceback(exc_tb)
  File "C:\Users\MIQDAD\Python\iron-hat\scripts\.s_venv\Lib\site-packages\sqlalchemy\orm\session.py", line 4449, in _flush
    flush_context.execute()
    ~~~~~~~~~~~~~~~~~~~~~^^
  File "C:\Users\MIQDAD\Python\iron-hat\scripts\.s_venv\Lib\site-packages\sqlalchemy\orm\unitofwork.py", line 465, in execute
    rec.execute(self)
    ~~~~~~~~~~~^^^^^^
  File "C:\Users\MIQDAD\Python\iron-hat\scripts\.s_venv\Lib\site-packages\sqlalchemy\orm\unitofwork.py", line 641, in execute
    util.preloaded.orm_persistence.save_obj(
    ~~~~~~~~~~~~~~~~~~~~~~~~~~~~~~~~~~~~~~~^
        self.mapper,
        ^^^^^^^^^^^^
        uow.states_for_mapper_hierarchy(self.mapper, False, False),
        ^^^^^^^^^^^^^^^^^^^^^^^^^^^^^^^^^^^^^^^^^^^^^^^^^^^^^^^^^^^
        uow,
        ^^^^
    )
    ^
  File "C:\Users\MIQDAD\Python\iron-hat\scripts\.s_venv\Lib\site-packages\sqlalchemy\orm\persistence.py", line 94, in save_obj
    _emit_insert_statements(
    ~~~~~~~~~~~~~~~~~~~~~~~^
        base_mapper,
        ^^^^^^^^^^^^
    ...<3 lines>...
        insert,
        ^^^^^^^
    )
    ^
  File "C:\Users\MIQDAD\Python\iron-hat\scripts\.s_venv\Lib\site-packages\sqlalchemy\orm\persistence.py", line 1144, in _emit_insert_statements
    result = connection.execute(
        statement, multiparams, execution_options=execution_options
    )
  File "C:\Users\MIQDAD\Python\iron-hat\scripts\.s_venv\Lib\site-packages\sqlalchemy\engine\base.py", line 1421, in execute
    return meth(
        self,
        distilled_parameters,
        execution_options or NO_OPTIONS,
    )
  File "C:\Users\MIQDAD\Python\iron-hat\scripts\.s_venv\Lib\site-packages\sqlalchemy\sql\elements.py", line 526, in _execute_on_connection
    return connection._execute_clauseelement(
           ~~~~~~~~~~~~~~~~~~~~~~~~~~~~~~~~~^
        self, distilled_params, execution_options
        ^^^^^^^^^^^^^^^^^^^^^^^^^^^^^^^^^^^^^^^^^
    )
    ^
  File "C:\Users\MIQDAD\Python\iron-hat\scripts\.s_venv\Lib\site-packages\sqlalchemy\engine\base.py", line 1643, in _execute_clauseelement
    ret = self._execute_context(
        dialect,
    ...<8 lines>...
        cache_hit=cache_hit,
    )
  File "C:\Users\MIQDAD\Python\iron-hat\scripts\.s_venv\Lib\site-packages\sqlalchemy\engine\base.py", line 1846, in _execute_context
    return self._exec_insertmany_context(dialect, context)
           ~~~~~~~~~~~~~~~~~~~~~~~~~~~~~^^^^^^^^^^^^^^^^^^
  File "C:\Users\MIQDAD\Python\iron-hat\scripts\.s_venv\Lib\site-packages\sqlalchemy\engine\base.py", line 2135, in _exec_insertmany_context
    self._handle_dbapi_exception(
    ~~~~~~~~~~~~~~~~~~~~~~~~~~~~^
        e,
        ^^
    ...<4 lines>...
        is_sub_exec=True,
        ^^^^^^^^^^^^^^^^^
    )
    ^
  File "C:\Users\MIQDAD\Python\iron-hat\scripts\.s_venv\Lib\site-packages\sqlalchemy\engine\base.py", line 2365, in _handle_dbapi_exception
    raise sqlalchemy_exception.with_traceback(exc_info[2]) from e
  File "C:\Users\MIQDAD\Python\iron-hat\scripts\.s_venv\Lib\site-packages\sqlalchemy\engine\base.py", line 2127, in _exec_insertmany_context
    dialect.do_execute(
    ~~~~~~~~~~~~~~~~~~^
        cursor,
        ^^^^^^^
    ...<2 lines>...
        context,
        ^^^^^^^^
    )
    ^
  File "C:\Users\MIQDAD\Python\iron-hat\scripts\.s_venv\Lib\site-packages\sqlalchemy\engine\default.py", line 952, in do_execute
    cursor.execute(statement, parameters)
    ~~~~~~~~~~~~~~^^^^^^^^^^^^^^^^^^^^^^^
  File "C:\Users\MIQDAD\Python\iron-hat\scripts\.s_venv\Lib\site-packages\psycopg\cursor.py", line 117, in execute
    raise ex.with_traceback(None)
sqlalchemy.exc.DataError: (psycopg.errors.NumericValueOutOfRange) integer out of range
[SQL: INSERT INTO exercises (name, equipment, is_variation, utility_type, mechanics_type, force_type, target_muscles, main_muscle, secondary_muscles, difficulty, synergist_muscles, stabilizer_muscles, antagonist_muscles, dynamic_stabilizer_muscles, parent_ ... 311954 characters truncated ...  p11, p12, p13, p14, sen_counter) ORDER BY sen_counter RETURNING exercises.id, exercises.id AS id__1]
[parameters: {'name__0': 'Neck Flexion', 'antagonist_muscles__0': '', 'stabilizer_muscles__0': 'Rectus Abdominis, Obliques', 'parent_id__0': nan, 'utility_type__0': 'Basic or Auxiliary', 'secondary_muscles__0': 'Sternocleidomastoid', 'difficulty__0': 2, 'main_muscle__0': 'Neck', 'dynamic_stabilizer_muscles__0': '', 'equipment__0': 'Cable', 'is_variation__0': 'No', 'synergist_muscles__0': 'None', 'mechanics_type__0': 'Isolated', 'target_muscles__0': 'Sternocleidomastoid', 'force_type__0': 'Pull', 'name__1': 'Neck Flexion', 'antagonist_muscles__1': '', 'stabilizer_muscles__1': 'Latissimus Dorsi, Deltoid, Posterior, Rhomboids, Trapezius, Middle, Trapezius, Lower, Triceps Brachii, Rectus Abdominis, Obliques', 'parent_id__1': nan, 'utility_type__1': 'Basic or Auxiliary', 'secondary_muscles__1': 'Sternocleidomastoid', 'difficulty__1': 2, 'main_muscle__1': 'Neck', 'dynamic_stabilizer_muscles__1': '', 'equipment__1': 'Lever (plate loaded)', 'is_variation__1': 'No', 'synergist_muscles__1': 'None', 'mechanics_type__1': 'Isolated', 'target_muscles__1': 'Sternocleidomastoid', 'force_type__1': 'Pull', 'name__2': 'Lateral Neck Flexion', 'antagonist_muscles__2': '', 'stabilizer_muscles__2': 'Latissimus Dorsi, Pectoralis Major, Sternal, Pectoralis Major, Clavicular, Coracobrachialis, Pectoralis Minor', 'parent_id__2': nan, 'utility_type__2': 'Auxiliary', 'secondary_muscles__2': 'Sternocleidomastoid, Levator Scapulae', 'difficulty__2': 2, 'main_muscle__2': 'Neck', 'dynamic_stabilizer_muscles__2': '', 'equipment__2': 'Lever (plate loaded)', 'is_variation__2': 'No', 'synergist_muscles__2': 'Splenius, Erector Spinae, Levator Scapulae, Trapezius, Upper', 'mechanics_type__2': 'Isolated', 'target_muscles__2': 'Sternocleidomastoid', 'force_type__2': 'Pull', 'name__3': 'Neck Flexion', 'antagonist_muscles__3': '', 'stabilizer_muscles__3': 'Latissimus Dorsi, Deltoid, Posterior, Rhomboids, Trapezius, Middle, Trapezius, Lower, Triceps Brachii, Rectus Abdominis, Obliques', 'parent_id__3': nan, 'utility_type__3': 'Basic or Auxiliary' ... 9155 parameters truncated ... 'is_variation__613': 'No', 'synergist_muscles__613': 'None', 'mechanics_type__613': 'Isolated', 'target_muscles__613': 'Tibialis Anterior', 'force_type__613': 'Pull', 'name__614': 'Reverse Calf Raise', 'antagonist_muscles__614': '', 'stabilizer_muscles__614': 'No significant stabilizers', 'parent_id__614': nan, 'utility_type__614': 'Basic or Auxiliary', 'secondary_muscles__614': 'Tibialis Anterior', 'difficulty__614': 2, 'main_muscle__614': 'Calves', 'dynamic_stabilizer_muscles__614': '', 'equipment__614': 'Smith', 'is_variation__614': 'No', 'synergist_muscles__614': 'None', 'mechanics_type__614': 'Isolated', 'target_muscles__614': 'Tibialis Anterior', 'force_type__614': 'Pull', 'name__615': 'Reverse Calf Raise', 'antagonist_muscles__615': '', 'stabilizer_muscles__615': '', 'parent_id__615': nan, 'utility_type__615': 'Basic or Auxiliary', 'secondary_muscles__615': 'Tibialis Anterior', 'difficulty__615': 2, 'main_muscle__615': 'Calves', 'dynamic_stabilizer_muscles__615': '', 'equipment__615': 'Body Weight', 'is_variation__615': 'No', 'synergist_muscles__615': 'None', 'mechanics_type__615': 'Isolated', 'target_muscles__615': 'Tibialis Anterior', 'force_type__615': 'Pull', 'name__616': 'Reverse Calf Raise: Single Leg', 'antagonist_muscles__616': '', 'stabilizer_muscles__616': 'Gluteus Medius, Gluteus Maximus, Quadratus Lumborum, Obliques', 'parent_id__616': 615.0, 'utility_type__616': 'Auxiliary', 'secondary_muscles__616': 'Tibialis Anterior', 'difficulty__616': 3, 'main_muscle__616': 'Calves', 'dynamic_stabilizer_muscles__616': '', 'equipment__616': 'Body Weight', 'is_variation__616': 'Yes', 'synergist_muscles__616': 'None', 'mechanics_type__616': 'Isolated', 'target_muscles__616': 'Tibialis Anterior', 'force_type__616': 'Pull'}]
(Background on this error at: https://sqlalche.me/e/20/9h9h)
INFO - Loaded 617 exercises
ERROR - Exercise seeding failed
Traceback (most recent call last):
  File "C:\Users\MIQDAD\Python\iron-hat\scripts\.s_venv\Lib\site-packages\sqlalchemy\engine\base.py", line 2127, in _exec_insertmany_context
    dialect.do_execute(
    ~~~~~~~~~~~~~~~~~~^
        cursor,
        ^^^^^^^
    ...<2 lines>...
        context,
        ^^^^^^^^
    )
    ^
  File "C:\Users\MIQDAD\Python\iron-hat\scripts\.s_venv\Lib\site-packages\sqlalchemy\engine\default.py", line 952, in do_execute
    cursor.execute(statement, parameters)
    ~~~~~~~~~~~~~~^^^^^^^^^^^^^^^^^^^^^^^
  File "C:\Users\MIQDAD\Python\iron-hat\scripts\.s_venv\Lib\site-packages\psycopg\cursor.py", line 117, in execute
    raise ex.with_traceback(None)
psycopg.errors.NumericValueOutOfRange: integer out of range

The above exception was the direct cause of the following exception:

Traceback (most recent call last):
  File "C:\Users\MIQDAD\Python\iron-hat\scripts\seed_exercise.py", line 78, in seed
    db.commit()
    ~~~~~~~~~^^
  File "C:\Users\MIQDAD\Python\iron-hat\scripts\.s_venv\Lib\site-packages\sqlalchemy\orm\session.py", line 2035, in commit
    trans.commit(_to_root=True)
    ~~~~~~~~~~~~^^^^^^^^^^^^^^^
  File "<string>", line 2, in commit
  File "C:\Users\MIQDAD\Python\iron-hat\scripts\.s_venv\Lib\site-packages\sqlalchemy\orm\state_changes.py", line 137, in _go
    ret_value = fn(self, *arg, **kw)
  File "C:\Users\MIQDAD\Python\iron-hat\scripts\.s_venv\Lib\site-packages\sqlalchemy\orm\session.py", line 1316, in commit
    self._prepare_impl()
    ~~~~~~~~~~~~~~~~~~^^
  File "<string>", line 2, in _prepare_impl
  File "C:\Users\MIQDAD\Python\iron-hat\scripts\.s_venv\Lib\site-packages\sqlalchemy\orm\state_changes.py", line 137, in _go
    ret_value = fn(self, *arg, **kw)
  File "C:\Users\MIQDAD\Python\iron-hat\scripts\.s_venv\Lib\site-packages\sqlalchemy\orm\session.py", line 1290, in _prepare_impl
    self.session.flush()
    ~~~~~~~~~~~~~~~~~~^^
  File "C:\Users\MIQDAD\Python\iron-hat\scripts\.s_venv\Lib\site-packages\sqlalchemy\orm\session.py", line 4353, in flush
    self._flush(objects)
    ~~~~~~~~~~~^^^^^^^^^
  File "C:\Users\MIQDAD\Python\iron-hat\scripts\.s_venv\Lib\site-packages\sqlalchemy\orm\session.py", line 4488, in _flush
    with util.safe_reraise():
         ~~~~~~~~~~~~~~~~~^^
  File "C:\Users\MIQDAD\Python\iron-hat\scripts\.s_venv\Lib\site-packages\sqlalchemy\util\langhelpers.py", line 122, in __exit__
    raise exc_value.with_traceback(exc_tb)
  File "C:\Users\MIQDAD\Python\iron-hat\scripts\.s_venv\Lib\site-packages\sqlalchemy\orm\session.py", line 4449, in _flush
    flush_context.execute()
    ~~~~~~~~~~~~~~~~~~~~~^^
  File "C:\Users\MIQDAD\Python\iron-hat\scripts\.s_venv\Lib\site-packages\sqlalchemy\orm\unitofwork.py", line 465, in execute
    rec.execute(self)
    ~~~~~~~~~~~^^^^^^
  File "C:\Users\MIQDAD\Python\iron-hat\scripts\.s_venv\Lib\site-packages\sqlalchemy\orm\unitofwork.py", line 641, in execute
    util.preloaded.orm_persistence.save_obj(
    ~~~~~~~~~~~~~~~~~~~~~~~~~~~~~~~~~~~~~~~^
        self.mapper,
        ^^^^^^^^^^^^
        uow.states_for_mapper_hierarchy(self.mapper, False, False),
        ^^^^^^^^^^^^^^^^^^^^^^^^^^^^^^^^^^^^^^^^^^^^^^^^^^^^^^^^^^^
        uow,
        ^^^^
    )
    ^
  File "C:\Users\MIQDAD\Python\iron-hat\scripts\.s_venv\Lib\site-packages\sqlalchemy\orm\persistence.py", line 94, in save_obj
    _emit_insert_statements(
    ~~~~~~~~~~~~~~~~~~~~~~~^
        base_mapper,
        ^^^^^^^^^^^^
    ...<3 lines>...
        insert,
        ^^^^^^^
    )
    ^
  File "C:\Users\MIQDAD\Python\iron-hat\scripts\.s_venv\Lib\site-packages\sqlalchemy\orm\persistence.py", line 1144, in _emit_insert_statements
    result = connection.execute(
        statement, multiparams, execution_options=execution_options
    )
  File "C:\Users\MIQDAD\Python\iron-hat\scripts\.s_venv\Lib\site-packages\sqlalchemy\engine\base.py", line 1421, in execute
    return meth(
        self,
        distilled_parameters,
        execution_options or NO_OPTIONS,
    )
  File "C:\Users\MIQDAD\Python\iron-hat\scripts\.s_venv\Lib\site-packages\sqlalchemy\sql\elements.py", line 526, in _execute_on_connection
    return connection._execute_clauseelement(
           ~~~~~~~~~~~~~~~~~~~~~~~~~~~~~~~~~^
        self, distilled_params, execution_options
        ^^^^^^^^^^^^^^^^^^^^^^^^^^^^^^^^^^^^^^^^^
    )
    ^
  File "C:\Users\MIQDAD\Python\iron-hat\scripts\.s_venv\Lib\site-packages\sqlalchemy\engine\base.py", line 1643, in _execute_clauseelement
    ret = self._execute_context(
        dialect,
    ...<8 lines>...
        cache_hit=cache_hit,
    )
  File "C:\Users\MIQDAD\Python\iron-hat\scripts\.s_venv\Lib\site-packages\sqlalchemy\engine\base.py", line 1846, in _execute_context
    return self._exec_insertmany_context(dialect, context)
           ~~~~~~~~~~~~~~~~~~~~~~~~~~~~~^^^^^^^^^^^^^^^^^^
  File "C:\Users\MIQDAD\Python\iron-hat\scripts\.s_venv\Lib\site-packages\sqlalchemy\engine\base.py", line 2135, in _exec_insertmany_context
    self._handle_dbapi_exception(
    ~~~~~~~~~~~~~~~~~~~~~~~~~~~~^
        e,
        ^^
    ...<4 lines>...
        is_sub_exec=True,
        ^^^^^^^^^^^^^^^^^
    )
    ^
  File "C:\Users\MIQDAD\Python\iron-hat\scripts\.s_venv\Lib\site-packages\sqlalchemy\engine\base.py", line 2365, in _handle_dbapi_exception
    raise sqlalchemy_exception.with_traceback(exc_info[2]) from e
  File "C:\Users\MIQDAD\Python\iron-hat\scripts\.s_venv\Lib\site-packages\sqlalchemy\engine\base.py", line 2127, in _exec_insertmany_context
    dialect.do_execute(
    ~~~~~~~~~~~~~~~~~~^
        cursor,
        ^^^^^^^
    ...<2 lines>...
        context,
        ^^^^^^^^
    )
    ^
  File "C:\Users\MIQDAD\Python\iron-hat\scripts\.s_venv\Lib\site-packages\sqlalchemy\engine\default.py", line 952, in do_execute
    cursor.execute(statement, parameters)
    ~~~~~~~~~~~~~~^^^^^^^^^^^^^^^^^^^^^^^
  File "C:\Users\MIQDAD\Python\iron-hat\scripts\.s_venv\Lib\site-packages\psycopg\cursor.py", line 117, in execute
    raise ex.with_traceback(None)
sqlalchemy.exc.DataError: (psycopg.errors.NumericValueOutOfRange) integer out of range
[SQL: INSERT INTO exercises (name, equipment, is_variation, utility_type, mechanics_type, force_type, target_muscles, main_muscle, secondary_muscles, difficulty, synergist_muscles, stabilizer_muscles, antagonist_muscles, dynamic_stabilizer_muscles, parent_ ... 311954 characters truncated ...  p11, p12, p13, p14, sen_counter) ORDER BY sen_counter RETURNING exercises.id, exercises.id AS id__1]
[parameters: {'dynamic_stabilizer_muscles__0': '', 'utility_type__0': 'Basic or Auxiliary', 'target_muscles__0': 'Sternocleidomastoid', 'difficulty__0': 2, 'mechanics_type__0': 'Isolated', 'secondary_muscles__0': 'Sternocleidomastoid', 'force_type__0': 'Pull', 'parent_id__0': nan, 'stabilizer_muscles__0': 'Rectus Abdominis, Obliques', 'is_variation__0': 'No', 'synergist_muscles__0': 'None', 'antagonist_muscles__0': '', 'name__0': 'Neck Flexion', 'main_muscle__0': 'Neck', 'equipment__0': 'Cable', 'dynamic_stabilizer_muscles__1': '', 'utility_type__1': 'Basic or Auxiliary', 'target_muscles__1': 'Sternocleidomastoid', 'difficulty__1': 2, 'mechanics_type__1': 'Isolated', 'secondary_muscles__1': 'Sternocleidomastoid', 'force_type__1': 'Pull', 'parent_id__1': nan, 'stabilizer_muscles__1': 'Latissimus Dorsi, Deltoid, Posterior, Rhomboids, Trapezius, Middle, Trapezius, Lower, Triceps Brachii, Rectus Abdominis, Obliques', 'is_variation__1': 'No', 'synergist_muscles__1': 'None', 'antagonist_muscles__1': '', 'name__1': 'Neck Flexion', 'main_muscle__1': 'Neck', 'equipment__1': 'Lever (plate loaded)', 'dynamic_stabilizer_muscles__2': '', 'utility_type__2': 'Auxiliary', 'target_muscles__2': 'Sternocleidomastoid', 'difficulty__2': 2, 'mechanics_type__2': 'Isolated', 'secondary_muscles__2': 'Sternocleidomastoid, Levator Scapulae', 'force_type__2': 'Pull', 'parent_id__2': nan, 'stabilizer_muscles__2': 'Latissimus Dorsi, Pectoralis Major, Sternal, Pectoralis Major, Clavicular, Coracobrachialis, Pectoralis Minor', 'is_variation__2': 'No', 'synergist_muscles__2': 'Splenius, Erector Spinae, Levator Scapulae, Trapezius, Upper', 'antagonist_muscles__2': '', 'name__2': 'Lateral Neck Flexion', 'main_muscle__2': 'Neck', 'equipment__2': 'Lever (plate loaded)', 'dynamic_stabilizer_muscles__3': '', 'utility_type__3': 'Basic or Auxiliary', 'target_muscles__3': 'Sternocleidomastoid', 'difficulty__3': 2, 'mechanics_type__3': 'Isolated' ... 9155 parameters truncated ... 'synergist_muscles__613': 'None', 'antagonist_muscles__613': '', 'name__613': 'Seated Reverse Calf Press', 'main_muscle__613': 'Calves', 'equipment__613': 'Sled', 'dynamic_stabilizer_muscles__614': '', 'utility_type__614': 'Basic or Auxiliary', 'target_muscles__614': 'Tibialis Anterior', 'difficulty__614': 2, 'mechanics_type__614': 'Isolated', 'secondary_muscles__614': 'Tibialis Anterior', 'force_type__614': 'Pull', 'parent_id__614': nan, 'stabilizer_muscles__614': 'No significant stabilizers', 'is_variation__614': 'No', 'synergist_muscles__614': 'None', 'antagonist_muscles__614': '', 'name__614': 'Reverse Calf Raise', 'main_muscle__614': 'Calves', 'equipment__614': 'Smith', 'dynamic_stabilizer_muscles__615': '', 'utility_type__615': 'Basic or Auxiliary', 'target_muscles__615': 'Tibialis Anterior', 'difficulty__615': 2, 'mechanics_type__615': 'Isolated', 'secondary_muscles__615': 'Tibialis Anterior', 'force_type__615': 'Pull', 'parent_id__615': nan, 'stabilizer_muscles__615': '', 'is_variation__615': 'No', 'synergist_muscles__615': 'None', 'antagonist_muscles__615': '', 'name__615': 'Reverse Calf Raise', 'main_muscle__615': 'Calves', 'equipment__615': 'Body Weight', 'dynamic_stabilizer_muscles__616': '', 'utility_type__616': 'Auxiliary', 'target_muscles__616': 'Tibialis Anterior', 'difficulty__616': 3, 'mechanics_type__616': 'Isolated', 'secondary_muscles__616': 'Tibialis Anterior', 'force_type__616': 'Pull', 'parent_id__616': 615.0, 'stabilizer_muscles__616': 'Gluteus Medius, Gluteus Maximus, Quadratus Lumborum, Obliques', 'is_variation__616': 'Yes', 'synergist_muscles__616': 'None', 'antagonist_muscles__616': '', 'name__616': 'Reverse Calf Raise: Single Leg', 'main_muscle__616': 'Calves', 'equipment__616': 'Body Weight'}]
(Background on this error at: https://sqlalche.me/e/20/9h9h)
INFO - Loaded 617 exercises
ERROR - Exercise seeding failed
Traceback (most recent call last):
  File "C:\Users\MIQDAD\Python\iron-hat\scripts\.s_venv\Lib\site-packages\sqlalchemy\engine\base.py", line 2127, in _exec_insertmany_context
    dialect.do_execute(
    ~~~~~~~~~~~~~~~~~~^
        cursor,
        ^^^^^^^
    ...<2 lines>...
        context,
        ^^^^^^^^
    )
    ^
  File "C:\Users\MIQDAD\Python\iron-hat\scripts\.s_venv\Lib\site-packages\sqlalchemy\engine\default.py", line 952, in do_execute
    cursor.execute(statement, parameters)
    ~~~~~~~~~~~~~~^^^^^^^^^^^^^^^^^^^^^^^
  File "C:\Users\MIQDAD\Python\iron-hat\scripts\.s_venv\Lib\site-packages\psycopg\cursor.py", line 117, in execute
    raise ex.with_traceback(None)
psycopg.errors.NumericValueOutOfRange: integer out of range

The above exception was the direct cause of the following exception:

Traceback (most recent call last):
  File "C:\Users\MIQDAD\Python\iron-hat\scripts\seed_exercise.py", line 90, in seed
    db.commit()
    ~~~~~~~~~^^
  File "C:\Users\MIQDAD\Python\iron-hat\scripts\.s_venv\Lib\site-packages\sqlalchemy\orm\session.py", line 2035, in commit
    trans.commit(_to_root=True)
    ~~~~~~~~~~~~^^^^^^^^^^^^^^^
  File "<string>", line 2, in commit
  File "C:\Users\MIQDAD\Python\iron-hat\scripts\.s_venv\Lib\site-packages\sqlalchemy\orm\state_changes.py", line 137, in _go
    ret_value = fn(self, *arg, **kw)
  File "C:\Users\MIQDAD\Python\iron-hat\scripts\.s_venv\Lib\site-packages\sqlalchemy\orm\session.py", line 1316, in commit
    self._prepare_impl()
    ~~~~~~~~~~~~~~~~~~^^
  File "<string>", line 2, in _prepare_impl
  File "C:\Users\MIQDAD\Python\iron-hat\scripts\.s_venv\Lib\site-packages\sqlalchemy\orm\state_changes.py", line 137, in _go
    ret_value = fn(self, *arg, **kw)
  File "C:\Users\MIQDAD\Python\iron-hat\scripts\.s_venv\Lib\site-packages\sqlalchemy\orm\session.py", line 1290, in _prepare_impl
    self.session.flush()
    ~~~~~~~~~~~~~~~~~~^^
  File "C:\Users\MIQDAD\Python\iron-hat\scripts\.s_venv\Lib\site-packages\sqlalchemy\orm\session.py", line 4353, in flush
    self._flush(objects)
    ~~~~~~~~~~~^^^^^^^^^
  File "C:\Users\MIQDAD\Python\iron-hat\scripts\.s_venv\Lib\site-packages\sqlalchemy\orm\session.py", line 4488, in _flush
    with util.safe_reraise():
         ~~~~~~~~~~~~~~~~~^^
  File "C:\Users\MIQDAD\Python\iron-hat\scripts\.s_venv\Lib\site-packages\sqlalchemy\util\langhelpers.py", line 122, in __exit__
    raise exc_value.with_traceback(exc_tb)
  File "C:\Users\MIQDAD\Python\iron-hat\scripts\.s_venv\Lib\site-packages\sqlalchemy\orm\session.py", line 4449, in _flush
    flush_context.execute()
    ~~~~~~~~~~~~~~~~~~~~~^^
  File "C:\Users\MIQDAD\Python\iron-hat\scripts\.s_venv\Lib\site-packages\sqlalchemy\orm\unitofwork.py", line 465, in execute
    rec.execute(self)
    ~~~~~~~~~~~^^^^^^
  File "C:\Users\MIQDAD\Python\iron-hat\scripts\.s_venv\Lib\site-packages\sqlalchemy\orm\unitofwork.py", line 641, in execute
    util.preloaded.orm_persistence.save_obj(
    ~~~~~~~~~~~~~~~~~~~~~~~~~~~~~~~~~~~~~~~^
        self.mapper,
        ^^^^^^^^^^^^
        uow.states_for_mapper_hierarchy(self.mapper, False, False),
        ^^^^^^^^^^^^^^^^^^^^^^^^^^^^^^^^^^^^^^^^^^^^^^^^^^^^^^^^^^^
        uow,
        ^^^^
    )
    ^
  File "C:\Users\MIQDAD\Python\iron-hat\scripts\.s_venv\Lib\site-packages\sqlalchemy\orm\persistence.py", line 94, in save_obj
    _emit_insert_statements(
    ~~~~~~~~~~~~~~~~~~~~~~~^
        base_mapper,
        ^^^^^^^^^^^^
    ...<3 lines>...
        insert,
        ^^^^^^^
    )
    ^
  File "C:\Users\MIQDAD\Python\iron-hat\scripts\.s_venv\Lib\site-packages\sqlalchemy\orm\persistence.py", line 1144, in _emit_insert_statements
    result = connection.execute(
        statement, multiparams, execution_options=execution_options
    )
  File "C:\Users\MIQDAD\Python\iron-hat\scripts\.s_venv\Lib\site-packages\sqlalchemy\engine\base.py", line 1421, in execute
    return meth(
        self,
        distilled_parameters,
        execution_options or NO_OPTIONS,
    )
  File "C:\Users\MIQDAD\Python\iron-hat\scripts\.s_venv\Lib\site-packages\sqlalchemy\sql\elements.py", line 526, in _execute_on_connection
    return connection._execute_clauseelement(
           ~~~~~~~~~~~~~~~~~~~~~~~~~~~~~~~~~^
        self, distilled_params, execution_options
        ^^^^^^^^^^^^^^^^^^^^^^^^^^^^^^^^^^^^^^^^^
    )
    ^
  File "C:\Users\MIQDAD\Python\iron-hat\scripts\.s_venv\Lib\site-packages\sqlalchemy\engine\base.py", line 1643, in _execute_clauseelement
    ret = self._execute_context(
        dialect,
    ...<8 lines>...
        cache_hit=cache_hit,
    )
  File "C:\Users\MIQDAD\Python\iron-hat\scripts\.s_venv\Lib\site-packages\sqlalchemy\engine\base.py", line 1846, in _execute_context
    return self._exec_insertmany_context(dialect, context)
           ~~~~~~~~~~~~~~~~~~~~~~~~~~~~~^^^^^^^^^^^^^^^^^^
  File "C:\Users\MIQDAD\Python\iron-hat\scripts\.s_venv\Lib\site-packages\sqlalchemy\engine\base.py", line 2135, in _exec_insertmany_context
    self._handle_dbapi_exception(
    ~~~~~~~~~~~~~~~~~~~~~~~~~~~~^
        e,
        ^^
    ...<4 lines>...
        is_sub_exec=True,
        ^^^^^^^^^^^^^^^^^
    )
    ^
  File "C:\Users\MIQDAD\Python\iron-hat\scripts\.s_venv\Lib\site-packages\sqlalchemy\engine\base.py", line 2365, in _handle_dbapi_exception
    raise sqlalchemy_exception.with_traceback(exc_info[2]) from e
  File "C:\Users\MIQDAD\Python\iron-hat\scripts\.s_venv\Lib\site-packages\sqlalchemy\engine\base.py", line 2127, in _exec_insertmany_context
    dialect.do_execute(
    ~~~~~~~~~~~~~~~~~~^
        cursor,
        ^^^^^^^
    ...<2 lines>...
        context,
        ^^^^^^^^
    )
    ^
  File "C:\Users\MIQDAD\Python\iron-hat\scripts\.s_venv\Lib\site-packages\sqlalchemy\engine\default.py", line 952, in do_execute
    cursor.execute(statement, parameters)
    ~~~~~~~~~~~~~~^^^^^^^^^^^^^^^^^^^^^^^
  File "C:\Users\MIQDAD\Python\iron-hat\scripts\.s_venv\Lib\site-packages\psycopg\cursor.py", line 117, in execute
    raise ex.with_traceback(None)
sqlalchemy.exc.DataError: (psycopg.errors.NumericValueOutOfRange) integer out of range
[SQL: INSERT INTO exercises (name, equipment, is_variation, utility_type, mechanics_type, force_type, target_muscles, main_muscle, secondary_muscles, difficulty, synergist_muscles, stabilizer_muscles, antagonist_muscles, dynamic_stabilizer_muscles, parent_ ... 311954 characters truncated ...  p11, p12, p13, p14, sen_counter) ORDER BY sen_counter RETURNING exercises.id, exercises.id AS id__1]
[parameters: {'equipment__0': 'Cable', 'name__0': 'Neck Flexion', 'difficulty__0': 2, 'mechanics_type__0': 'Isolated', 'dynamic_stabilizer_muscles__0': '', 'force_type__0': 'Pull', 'utility_type__0': 'Basic or Auxiliary', 'antagonist_muscles__0': '', 'main_muscle__0': 'Neck', 'target_muscles__0': 'Sternocleidomastoid', 'parent_id__0': nan, 'secondary_muscles__0': 'Sternocleidomastoid', 'synergist_muscles__0': 'None', 'is_variation__0': 'No', 'stabilizer_muscles__0': 'Rectus Abdominis, Obliques', 'equipment__1': 'Lever (plate loaded)', 'name__1': 'Neck Flexion', 'difficulty__1': 2, 'mechanics_type__1': 'Isolated', 'dynamic_stabilizer_muscles__1': '', 'force_type__1': 'Pull', 'utility_type__1': 'Basic or Auxiliary', 'antagonist_muscles__1': '', 'main_muscle__1': 'Neck', 'target_muscles__1': 'Sternocleidomastoid', 'parent_id__1': nan, 'secondary_muscles__1': 'Sternocleidomastoid', 'synergist_muscles__1': 'None', 'is_variation__1': 'No', 'stabilizer_muscles__1': 'Latissimus Dorsi, Deltoid, Posterior, Rhomboids, Trapezius, Middle, Trapezius, Lower, Triceps Brachii, Rectus Abdominis, Obliques', 'equipment__2': 'Lever (plate loaded)', 'name__2': 'Lateral Neck Flexion', 'difficulty__2': 2, 'mechanics_type__2': 'Isolated', 'dynamic_stabilizer_muscles__2': '', 'force_type__2': 'Pull', 'utility_type__2': 'Auxiliary', 'antagonist_muscles__2': '', 'main_muscle__2': 'Neck', 'target_muscles__2': 'Sternocleidomastoid', 'parent_id__2': nan, 'secondary_muscles__2': 'Sternocleidomastoid, Levator Scapulae', 'synergist_muscles__2': 'Splenius, Erector Spinae, Levator Scapulae, Trapezius, Upper', 'is_variation__2': 'No', 'stabilizer_muscles__2': 'Latissimus Dorsi, Pectoralis Major, Sternal, Pectoralis Major, Clavicular, Coracobrachialis, Pectoralis Minor', 'equipment__3': 'Lever (selectorized)', 'name__3': 'Neck Flexion', 'difficulty__3': 2, 'mechanics_type__3': 'Isolated', 'dynamic_stabilizer_muscles__3': '' ... 9155 parameters truncated ... 'parent_id__613': nan, 'secondary_muscles__613': 'Tibialis Anterior', 'synergist_muscles__613': 'None', 'is_variation__613': 'No', 'stabilizer_muscles__613': 'No significant stabilizers', 'equipment__614': 'Smith', 'name__614': 'Reverse Calf Raise', 'difficulty__614': 2, 'mechanics_type__614': 'Isolated', 'dynamic_stabilizer_muscles__614': '', 'force_type__614': 'Pull', 'utility_type__614': 'Basic or Auxiliary', 'antagonist_muscles__614': '', 'main_muscle__614': 'Calves', 'target_muscles__614': 'Tibialis Anterior', 'parent_id__614': nan, 'secondary_muscles__614': 'Tibialis Anterior', 'synergist_muscles__614': 'None', 'is_variation__614': 'No', 'stabilizer_muscles__614': 'No significant stabilizers', 'equipment__615': 'Body Weight', 'name__615': 'Reverse Calf Raise', 'difficulty__615': 2, 'mechanics_type__615': 'Isolated', 'dynamic_stabilizer_muscles__615': '', 'force_type__615': 'Pull', 'utility_type__615': 'Basic or Auxiliary', 'antagonist_muscles__615': '', 'main_muscle__615': 'Calves', 'target_muscles__615': 'Tibialis Anterior', 'parent_id__615': nan, 'secondary_muscles__615': 'Tibialis Anterior', 'synergist_muscles__615': 'None', 'is_variation__615': 'No', 'stabilizer_muscles__615': '', 'equipment__616': 'Body Weight', 'name__616': 'Reverse Calf Raise: Single Leg', 'difficulty__616': 3, 'mechanics_type__616': 'Isolated', 'dynamic_stabilizer_muscles__616': '', 'force_type__616': 'Pull', 'utility_type__616': 'Auxiliary', 'antagonist_muscles__616': '', 'main_muscle__616': 'Calves', 'target_muscles__616': 'Tibialis Anterior', 'parent_id__616': 615.0, 'secondary_muscles__616': 'Tibialis Anterior', 'synergist_muscles__616': 'None', 'is_variation__616': 'Yes', 'stabilizer_muscles__616': 'Gluteus Medius, Gluteus Maximus, Quadratus Lumborum, Obliques'}]
(Background on this error at: https://sqlalche.me/e/20/9h9h)
INFO - Loaded 617 exercises
ERROR - Exercise seeding failed
Traceback (most recent call last):
  File "C:\Users\MIQDAD\Python\iron-hat\scripts\.s_venv\Lib\site-packages\sqlalchemy\engine\base.py", line 2127, in _exec_insertmany_context
    dialect.do_execute(
    ~~~~~~~~~~~~~~~~~~^
        cursor,
        ^^^^^^^
    ...<2 lines>...
        context,
        ^^^^^^^^
    )
    ^
  File "C:\Users\MIQDAD\Python\iron-hat\scripts\.s_venv\Lib\site-packages\sqlalchemy\engine\default.py", line 952, in do_execute
    cursor.execute(statement, parameters)
    ~~~~~~~~~~~~~~^^^^^^^^^^^^^^^^^^^^^^^
  File "C:\Users\MIQDAD\Python\iron-hat\scripts\.s_venv\Lib\site-packages\psycopg\cursor.py", line 117, in execute
    raise ex.with_traceback(None)
psycopg.errors.NumericValueOutOfRange: integer out of range

The above exception was the direct cause of the following exception:

Traceback (most recent call last):
  File "C:\Users\MIQDAD\Python\iron-hat\scripts\seed_exercise.py", line 93, in seed
    db.commit()
    ~~~~~~~~~^^
  File "C:\Users\MIQDAD\Python\iron-hat\scripts\.s_venv\Lib\site-packages\sqlalchemy\orm\session.py", line 2035, in commit
    trans.commit(_to_root=True)
    ~~~~~~~~~~~~^^^^^^^^^^^^^^^
  File "<string>", line 2, in commit
  File "C:\Users\MIQDAD\Python\iron-hat\scripts\.s_venv\Lib\site-packages\sqlalchemy\orm\state_changes.py", line 137, in _go
    ret_value = fn(self, *arg, **kw)
  File "C:\Users\MIQDAD\Python\iron-hat\scripts\.s_venv\Lib\site-packages\sqlalchemy\orm\session.py", line 1316, in commit
    self._prepare_impl()
    ~~~~~~~~~~~~~~~~~~^^
  File "<string>", line 2, in _prepare_impl
  File "C:\Users\MIQDAD\Python\iron-hat\scripts\.s_venv\Lib\site-packages\sqlalchemy\orm\state_changes.py", line 137, in _go
    ret_value = fn(self, *arg, **kw)
  File "C:\Users\MIQDAD\Python\iron-hat\scripts\.s_venv\Lib\site-packages\sqlalchemy\orm\session.py", line 1290, in _prepare_impl
    self.session.flush()
    ~~~~~~~~~~~~~~~~~~^^
  File "C:\Users\MIQDAD\Python\iron-hat\scripts\.s_venv\Lib\site-packages\sqlalchemy\orm\session.py", line 4353, in flush
    self._flush(objects)
    ~~~~~~~~~~~^^^^^^^^^
  File "C:\Users\MIQDAD\Python\iron-hat\scripts\.s_venv\Lib\site-packages\sqlalchemy\orm\session.py", line 4488, in _flush
    with util.safe_reraise():
         ~~~~~~~~~~~~~~~~~^^
  File "C:\Users\MIQDAD\Python\iron-hat\scripts\.s_venv\Lib\site-packages\sqlalchemy\util\langhelpers.py", line 122, in __exit__
    raise exc_value.with_traceback(exc_tb)
  File "C:\Users\MIQDAD\Python\iron-hat\scripts\.s_venv\Lib\site-packages\sqlalchemy\orm\session.py", line 4449, in _flush
    flush_context.execute()
    ~~~~~~~~~~~~~~~~~~~~~^^
  File "C:\Users\MIQDAD\Python\iron-hat\scripts\.s_venv\Lib\site-packages\sqlalchemy\orm\unitofwork.py", line 465, in execute
    rec.execute(self)
    ~~~~~~~~~~~^^^^^^
  File "C:\Users\MIQDAD\Python\iron-hat\scripts\.s_venv\Lib\site-packages\sqlalchemy\orm\unitofwork.py", line 641, in execute
    util.preloaded.orm_persistence.save_obj(
    ~~~~~~~~~~~~~~~~~~~~~~~~~~~~~~~~~~~~~~~^
        self.mapper,
        ^^^^^^^^^^^^
        uow.states_for_mapper_hierarchy(self.mapper, False, False),
        ^^^^^^^^^^^^^^^^^^^^^^^^^^^^^^^^^^^^^^^^^^^^^^^^^^^^^^^^^^^
        uow,
        ^^^^
    )
    ^
  File "C:\Users\MIQDAD\Python\iron-hat\scripts\.s_venv\Lib\site-packages\sqlalchemy\orm\persistence.py", line 94, in save_obj
    _emit_insert_statements(
    ~~~~~~~~~~~~~~~~~~~~~~~^
        base_mapper,
        ^^^^^^^^^^^^
    ...<3 lines>...
        insert,
        ^^^^^^^
    )
    ^
  File "C:\Users\MIQDAD\Python\iron-hat\scripts\.s_venv\Lib\site-packages\sqlalchemy\orm\persistence.py", line 1144, in _emit_insert_statements
    result = connection.execute(
        statement, multiparams, execution_options=execution_options
    )
  File "C:\Users\MIQDAD\Python\iron-hat\scripts\.s_venv\Lib\site-packages\sqlalchemy\engine\base.py", line 1421, in execute
    return meth(
        self,
        distilled_parameters,
        execution_options or NO_OPTIONS,
    )
  File "C:\Users\MIQDAD\Python\iron-hat\scripts\.s_venv\Lib\site-packages\sqlalchemy\sql\elements.py", line 526, in _execute_on_connection
    return connection._execute_clauseelement(
           ~~~~~~~~~~~~~~~~~~~~~~~~~~~~~~~~~^
        self, distilled_params, execution_options
        ^^^^^^^^^^^^^^^^^^^^^^^^^^^^^^^^^^^^^^^^^
    )
    ^
  File "C:\Users\MIQDAD\Python\iron-hat\scripts\.s_venv\Lib\site-packages\sqlalchemy\engine\base.py", line 1643, in _execute_clauseelement
    ret = self._execute_context(
        dialect,
    ...<8 lines>...
        cache_hit=cache_hit,
    )
  File "C:\Users\MIQDAD\Python\iron-hat\scripts\.s_venv\Lib\site-packages\sqlalchemy\engine\base.py", line 1846, in _execute_context
    return self._exec_insertmany_context(dialect, context)
           ~~~~~~~~~~~~~~~~~~~~~~~~~~~~~^^^^^^^^^^^^^^^^^^
  File "C:\Users\MIQDAD\Python\iron-hat\scripts\.s_venv\Lib\site-packages\sqlalchemy\engine\base.py", line 2135, in _exec_insertmany_context
    self._handle_dbapi_exception(
    ~~~~~~~~~~~~~~~~~~~~~~~~~~~~^
        e,
        ^^
    ...<4 lines>...
        is_sub_exec=True,
        ^^^^^^^^^^^^^^^^^
    )
    ^
  File "C:\Users\MIQDAD\Python\iron-hat\scripts\.s_venv\Lib\site-packages\sqlalchemy\engine\base.py", line 2365, in _handle_dbapi_exception
    raise sqlalchemy_exception.with_traceback(exc_info[2]) from e
  File "C:\Users\MIQDAD\Python\iron-hat\scripts\.s_venv\Lib\site-packages\sqlalchemy\engine\base.py", line 2127, in _exec_insertmany_context
    dialect.do_execute(
    ~~~~~~~~~~~~~~~~~~^
        cursor,
        ^^^^^^^
    ...<2 lines>...
        context,
        ^^^^^^^^
    )
    ^
  File "C:\Users\MIQDAD\Python\iron-hat\scripts\.s_venv\Lib\site-packages\sqlalchemy\engine\default.py", line 952, in do_execute
    cursor.execute(statement, parameters)
    ~~~~~~~~~~~~~~^^^^^^^^^^^^^^^^^^^^^^^
  File "C:\Users\MIQDAD\Python\iron-hat\scripts\.s_venv\Lib\site-packages\psycopg\cursor.py", line 117, in execute
    raise ex.with_traceback(None)
sqlalchemy.exc.DataError: (psycopg.errors.NumericValueOutOfRange) integer out of range
[SQL: INSERT INTO exercises (name, equipment, is_variation, utility_type, mechanics_type, force_type, target_muscles, main_muscle, secondary_muscles, difficulty, synergist_muscles, stabilizer_muscles, antagonist_muscles, dynamic_stabilizer_muscles, parent_ ... 311954 characters truncated ...  p11, p12, p13, p14, sen_counter) ORDER BY sen_counter RETURNING exercises.id, exercises.id AS id__1]
[parameters: {'equipment__0': 'Cable', 'secondary_muscles__0': 'Sternocleidomastoid', 'dynamic_stabilizer_muscles__0': '', 'utility_type__0': 'Basic or Auxiliary', 'difficulty__0': 2, 'name__0': 'Neck Flexion', 'synergist_muscles__0': 'None', 'stabilizer_muscles__0': 'Rectus Abdominis, Obliques', 'mechanics_type__0': 'Isolated', 'main_muscle__0': 'Neck', 'antagonist_muscles__0': '', 'parent_id__0': nan, 'is_variation__0': 'No', 'force_type__0': 'Pull', 'target_muscles__0': 'Sternocleidomastoid', 'equipment__1': 'Lever (plate loaded)', 'secondary_muscles__1': 'Sternocleidomastoid', 'dynamic_stabilizer_muscles__1': '', 'utility_type__1': 'Basic or Auxiliary', 'difficulty__1': 2, 'name__1': 'Neck Flexion', 'synergist_muscles__1': 'None', 'stabilizer_muscles__1': 'Latissimus Dorsi, Deltoid, Posterior, Rhomboids, Trapezius, Middle, Trapezius, Lower, Triceps Brachii, Rectus Abdominis, Obliques', 'mechanics_type__1': 'Isolated', 'main_muscle__1': 'Neck', 'antagonist_muscles__1': '', 'parent_id__1': nan, 'is_variation__1': 'No', 'force_type__1': 'Pull', 'target_muscles__1': 'Sternocleidomastoid', 'equipment__2': 'Lever (plate loaded)', 'secondary_muscles__2': 'Sternocleidomastoid, Levator Scapulae', 'dynamic_stabilizer_muscles__2': '', 'utility_type__2': 'Auxiliary', 'difficulty__2': 2, 'name__2': 'Lateral Neck Flexion', 'synergist_muscles__2': 'Splenius, Erector Spinae, Levator Scapulae, Trapezius, Upper', 'stabilizer_muscles__2': 'Latissimus Dorsi, Pectoralis Major, Sternal, Pectoralis Major, Clavicular, Coracobrachialis, Pectoralis Minor', 'mechanics_type__2': 'Isolated', 'main_muscle__2': 'Neck', 'antagonist_muscles__2': '', 'parent_id__2': nan, 'is_variation__2': 'No', 'force_type__2': 'Pull', 'target_muscles__2': 'Sternocleidomastoid', 'equipment__3': 'Lever (selectorized)', 'secondary_muscles__3': 'Sternocleidomastoid', 'dynamic_stabilizer_muscles__3': '', 'utility_type__3': 'Basic or Auxiliary', 'difficulty__3': 2 ... 9155 parameters truncated ... 'antagonist_muscles__613': '', 'parent_id__613': nan, 'is_variation__613': 'No', 'force_type__613': 'Pull', 'target_muscles__613': 'Tibialis Anterior', 'equipment__614': 'Smith', 'secondary_muscles__614': 'Tibialis Anterior', 'dynamic_stabilizer_muscles__614': '', 'utility_type__614': 'Basic or Auxiliary', 'difficulty__614': 2, 'name__614': 'Reverse Calf Raise', 'synergist_muscles__614': 'None', 'stabilizer_muscles__614': 'No significant stabilizers', 'mechanics_type__614': 'Isolated', 'main_muscle__614': 'Calves', 'antagonist_muscles__614': '', 'parent_id__614': nan, 'is_variation__614': 'No', 'force_type__614': 'Pull', 'target_muscles__614': 'Tibialis Anterior', 'equipment__615': 'Body Weight', 'secondary_muscles__615': 'Tibialis Anterior', 'dynamic_stabilizer_muscles__615': '', 'utility_type__615': 'Basic or Auxiliary', 'difficulty__615': 2, 'name__615': 'Reverse Calf Raise', 'synergist_muscles__615': 'None', 'stabilizer_muscles__615': '', 'mechanics_type__615': 'Isolated', 'main_muscle__615': 'Calves', 'antagonist_muscles__615': '', 'parent_id__615': nan, 'is_variation__615': 'No', 'force_type__615': 'Pull', 'target_muscles__615': 'Tibialis Anterior', 'equipment__616': 'Body Weight', 'secondary_muscles__616': 'Tibialis Anterior', 'dynamic_stabilizer_muscles__616': '', 'utility_type__616': 'Auxiliary', 'difficulty__616': 3, 'name__616': 'Reverse Calf Raise: Single Leg', 'synergist_muscles__616': 'None', 'stabilizer_muscles__616': 'Gluteus Medius, Gluteus Maximus, Quadratus Lumborum, Obliques', 'mechanics_type__616': 'Isolated', 'main_muscle__616': 'Calves', 'antagonist_muscles__616': '', 'parent_id__616': 615.0, 'is_variation__616': 'Yes', 'force_type__616': 'Pull', 'target_muscles__616': 'Tibialis Anterior'}]
(Background on this error at: https://sqlalche.me/e/20/9h9h)
INFO - Loaded 617 exercises
ERROR - Exercise seeding failed
Traceback (most recent call last):
  File "C:\Users\MIQDAD\Python\iron-hat\scripts\.s_venv\Lib\site-packages\sqlalchemy\engine\base.py", line 2127, in _exec_insertmany_context
    dialect.do_execute(
    ~~~~~~~~~~~~~~~~~~^
        cursor,
        ^^^^^^^
    ...<2 lines>...
        context,
        ^^^^^^^^
    )
    ^
  File "C:\Users\MIQDAD\Python\iron-hat\scripts\.s_venv\Lib\site-packages\sqlalchemy\engine\default.py", line 952, in do_execute
    cursor.execute(statement, parameters)
    ~~~~~~~~~~~~~~^^^^^^^^^^^^^^^^^^^^^^^
  File "C:\Users\MIQDAD\Python\iron-hat\scripts\.s_venv\Lib\site-packages\psycopg\cursor.py", line 117, in execute
    raise ex.with_traceback(None)
psycopg.errors.NumericValueOutOfRange: integer out of range

The above exception was the direct cause of the following exception:

Traceback (most recent call last):
  File "C:\Users\MIQDAD\Python\iron-hat\scripts\seed_exercise.py", line 93, in seed
    db.commit()
    ~~~~~~~~~^^
  File "C:\Users\MIQDAD\Python\iron-hat\scripts\.s_venv\Lib\site-packages\sqlalchemy\orm\session.py", line 2035, in commit
    trans.commit(_to_root=True)
    ~~~~~~~~~~~~^^^^^^^^^^^^^^^
  File "<string>", line 2, in commit
  File "C:\Users\MIQDAD\Python\iron-hat\scripts\.s_venv\Lib\site-packages\sqlalchemy\orm\state_changes.py", line 137, in _go
    ret_value = fn(self, *arg, **kw)
  File "C:\Users\MIQDAD\Python\iron-hat\scripts\.s_venv\Lib\site-packages\sqlalchemy\orm\session.py", line 1316, in commit
    self._prepare_impl()
    ~~~~~~~~~~~~~~~~~~^^
  File "<string>", line 2, in _prepare_impl
  File "C:\Users\MIQDAD\Python\iron-hat\scripts\.s_venv\Lib\site-packages\sqlalchemy\orm\state_changes.py", line 137, in _go
    ret_value = fn(self, *arg, **kw)
  File "C:\Users\MIQDAD\Python\iron-hat\scripts\.s_venv\Lib\site-packages\sqlalchemy\orm\session.py", line 1290, in _prepare_impl
    self.session.flush()
    ~~~~~~~~~~~~~~~~~~^^
  File "C:\Users\MIQDAD\Python\iron-hat\scripts\.s_venv\Lib\site-packages\sqlalchemy\orm\session.py", line 4353, in flush
    self._flush(objects)
    ~~~~~~~~~~~^^^^^^^^^
  File "C:\Users\MIQDAD\Python\iron-hat\scripts\.s_venv\Lib\site-packages\sqlalchemy\orm\session.py", line 4488, in _flush
    with util.safe_reraise():
         ~~~~~~~~~~~~~~~~~^^
  File "C:\Users\MIQDAD\Python\iron-hat\scripts\.s_venv\Lib\site-packages\sqlalchemy\util\langhelpers.py", line 122, in __exit__
    raise exc_value.with_traceback(exc_tb)
  File "C:\Users\MIQDAD\Python\iron-hat\scripts\.s_venv\Lib\site-packages\sqlalchemy\orm\session.py", line 4449, in _flush
    flush_context.execute()
    ~~~~~~~~~~~~~~~~~~~~~^^
  File "C:\Users\MIQDAD\Python\iron-hat\scripts\.s_venv\Lib\site-packages\sqlalchemy\orm\unitofwork.py", line 465, in execute
    rec.execute(self)
    ~~~~~~~~~~~^^^^^^
  File "C:\Users\MIQDAD\Python\iron-hat\scripts\.s_venv\Lib\site-packages\sqlalchemy\orm\unitofwork.py", line 641, in execute
    util.preloaded.orm_persistence.save_obj(
    ~~~~~~~~~~~~~~~~~~~~~~~~~~~~~~~~~~~~~~~^
        self.mapper,
        ^^^^^^^^^^^^
        uow.states_for_mapper_hierarchy(self.mapper, False, False),
        ^^^^^^^^^^^^^^^^^^^^^^^^^^^^^^^^^^^^^^^^^^^^^^^^^^^^^^^^^^^
        uow,
        ^^^^
    )
    ^
  File "C:\Users\MIQDAD\Python\iron-hat\scripts\.s_venv\Lib\site-packages\sqlalchemy\orm\persistence.py", line 94, in save_obj
    _emit_insert_statements(
    ~~~~~~~~~~~~~~~~~~~~~~~^
        base_mapper,
        ^^^^^^^^^^^^
    ...<3 lines>...
        insert,
        ^^^^^^^
    )
    ^
  File "C:\Users\MIQDAD\Python\iron-hat\scripts\.s_venv\Lib\site-packages\sqlalchemy\orm\persistence.py", line 1144, in _emit_insert_statements
    result = connection.execute(
        statement, multiparams, execution_options=execution_options
    )
  File "C:\Users\MIQDAD\Python\iron-hat\scripts\.s_venv\Lib\site-packages\sqlalchemy\engine\base.py", line 1421, in execute
    return meth(
        self,
        distilled_parameters,
        execution_options or NO_OPTIONS,
    )
  File "C:\Users\MIQDAD\Python\iron-hat\scripts\.s_venv\Lib\site-packages\sqlalchemy\sql\elements.py", line 526, in _execute_on_connection
    return connection._execute_clauseelement(
           ~~~~~~~~~~~~~~~~~~~~~~~~~~~~~~~~~^
        self, distilled_params, execution_options
        ^^^^^^^^^^^^^^^^^^^^^^^^^^^^^^^^^^^^^^^^^
    )
    ^
  File "C:\Users\MIQDAD\Python\iron-hat\scripts\.s_venv\Lib\site-packages\sqlalchemy\engine\base.py", line 1643, in _execute_clauseelement
    ret = self._execute_context(
        dialect,
    ...<8 lines>...
        cache_hit=cache_hit,
    )
  File "C:\Users\MIQDAD\Python\iron-hat\scripts\.s_venv\Lib\site-packages\sqlalchemy\engine\base.py", line 1846, in _execute_context
    return self._exec_insertmany_context(dialect, context)
           ~~~~~~~~~~~~~~~~~~~~~~~~~~~~~^^^^^^^^^^^^^^^^^^
  File "C:\Users\MIQDAD\Python\iron-hat\scripts\.s_venv\Lib\site-packages\sqlalchemy\engine\base.py", line 2135, in _exec_insertmany_context
    self._handle_dbapi_exception(
    ~~~~~~~~~~~~~~~~~~~~~~~~~~~~^
        e,
        ^^
    ...<4 lines>...
        is_sub_exec=True,
        ^^^^^^^^^^^^^^^^^
    )
    ^
  File "C:\Users\MIQDAD\Python\iron-hat\scripts\.s_venv\Lib\site-packages\sqlalchemy\engine\base.py", line 2365, in _handle_dbapi_exception
    raise sqlalchemy_exception.with_traceback(exc_info[2]) from e
  File "C:\Users\MIQDAD\Python\iron-hat\scripts\.s_venv\Lib\site-packages\sqlalchemy\engine\base.py", line 2127, in _exec_insertmany_context
    dialect.do_execute(
    ~~~~~~~~~~~~~~~~~~^
        cursor,
        ^^^^^^^
    ...<2 lines>...
        context,
        ^^^^^^^^
    )
    ^
  File "C:\Users\MIQDAD\Python\iron-hat\scripts\.s_venv\Lib\site-packages\sqlalchemy\engine\default.py", line 952, in do_execute
    cursor.execute(statement, parameters)
    ~~~~~~~~~~~~~~^^^^^^^^^^^^^^^^^^^^^^^
  File "C:\Users\MIQDAD\Python\iron-hat\scripts\.s_venv\Lib\site-packages\psycopg\cursor.py", line 117, in execute
    raise ex.with_traceback(None)
sqlalchemy.exc.DataError: (psycopg.errors.NumericValueOutOfRange) integer out of range
[SQL: INSERT INTO exercises (name, equipment, is_variation, utility_type, mechanics_type, force_type, target_muscles, main_muscle, secondary_muscles, difficulty, synergist_muscles, stabilizer_muscles, antagonist_muscles, dynamic_stabilizer_muscles, parent_ ... 311954 characters truncated ...  p11, p12, p13, p14, sen_counter) ORDER BY sen_counter RETURNING exercises.id, exercises.id AS id__1]
[parameters: {'secondary_muscles__0': 'Sternocleidomastoid', 'main_muscle__0': 'Neck', 'force_type__0': 'Pull', 'utility_type__0': 'Basic or Auxiliary', 'target_muscles__0': 'Sternocleidomastoid', 'synergist_muscles__0': 'None', 'parent_id__0': nan, 'difficulty__0': 2, 'mechanics_type__0': 'Isolated', 'is_variation__0': 'No', 'equipment__0': 'Cable', 'dynamic_stabilizer_muscles__0': '', 'stabilizer_muscles__0': 'Rectus Abdominis, Obliques', 'name__0': 'Neck Flexion', 'antagonist_muscles__0': '', 'secondary_muscles__1': 'Sternocleidomastoid', 'main_muscle__1': 'Neck', 'force_type__1': 'Pull', 'utility_type__1': 'Basic or Auxiliary', 'target_muscles__1': 'Sternocleidomastoid', 'synergist_muscles__1': 'None', 'parent_id__1': nan, 'difficulty__1': 2, 'mechanics_type__1': 'Isolated', 'is_variation__1': 'No', 'equipment__1': 'Lever (plate loaded)', 'dynamic_stabilizer_muscles__1': '', 'stabilizer_muscles__1': 'Latissimus Dorsi, Deltoid, Posterior, Rhomboids, Trapezius, Middle, Trapezius, Lower, Triceps Brachii, Rectus Abdominis, Obliques', 'name__1': 'Neck Flexion', 'antagonist_muscles__1': '', 'secondary_muscles__2': 'Sternocleidomastoid, Levator Scapulae', 'main_muscle__2': 'Neck', 'force_type__2': 'Pull', 'utility_type__2': 'Auxiliary', 'target_muscles__2': 'Sternocleidomastoid', 'synergist_muscles__2': 'Splenius, Erector Spinae, Levator Scapulae, Trapezius, Upper', 'parent_id__2': nan, 'difficulty__2': 2, 'mechanics_type__2': 'Isolated', 'is_variation__2': 'No', 'equipment__2': 'Lever (plate loaded)', 'dynamic_stabilizer_muscles__2': '', 'stabilizer_muscles__2': 'Latissimus Dorsi, Pectoralis Major, Sternal, Pectoralis Major, Clavicular, Coracobrachialis, Pectoralis Minor', 'name__2': 'Lateral Neck Flexion', 'antagonist_muscles__2': '', 'secondary_muscles__3': 'Sternocleidomastoid', 'main_muscle__3': 'Neck', 'force_type__3': 'Pull', 'utility_type__3': 'Basic or Auxiliary', 'target_muscles__3': 'Sternocleidomastoid' ... 9155 parameters truncated ... 'equipment__613': 'Sled', 'dynamic_stabilizer_muscles__613': '', 'stabilizer_muscles__613': 'No significant stabilizers', 'name__613': 'Seated Reverse Calf Press', 'antagonist_muscles__613': '', 'secondary_muscles__614': 'Tibialis Anterior', 'main_muscle__614': 'Calves', 'force_type__614': 'Pull', 'utility_type__614': 'Basic or Auxiliary', 'target_muscles__614': 'Tibialis Anterior', 'synergist_muscles__614': 'None', 'parent_id__614': nan, 'difficulty__614': 2, 'mechanics_type__614': 'Isolated', 'is_variation__614': 'No', 'equipment__614': 'Smith', 'dynamic_stabilizer_muscles__614': '', 'stabilizer_muscles__614': 'No significant stabilizers', 'name__614': 'Reverse Calf Raise', 'antagonist_muscles__614': '', 'secondary_muscles__615': 'Tibialis Anterior', 'main_muscle__615': 'Calves', 'force_type__615': 'Pull', 'utility_type__615': 'Basic or Auxiliary', 'target_muscles__615': 'Tibialis Anterior', 'synergist_muscles__615': 'None', 'parent_id__615': nan, 'difficulty__615': 2, 'mechanics_type__615': 'Isolated', 'is_variation__615': 'No', 'equipment__615': 'Body Weight', 'dynamic_stabilizer_muscles__615': '', 'stabilizer_muscles__615': '', 'name__615': 'Reverse Calf Raise', 'antagonist_muscles__615': '', 'secondary_muscles__616': 'Tibialis Anterior', 'main_muscle__616': 'Calves', 'force_type__616': 'Pull', 'utility_type__616': 'Auxiliary', 'target_muscles__616': 'Tibialis Anterior', 'synergist_muscles__616': 'None', 'parent_id__616': 615.0, 'difficulty__616': 3, 'mechanics_type__616': 'Isolated', 'is_variation__616': 'Yes', 'equipment__616': 'Body Weight', 'dynamic_stabilizer_muscles__616': '', 'stabilizer_muscles__616': 'Gluteus Medius, Gluteus Maximus, Quadratus Lumborum, Obliques', 'name__616': 'Reverse Calf Raise: Single Leg', 'antagonist_muscles__616': ''}]
(Background on this error at: https://sqlalche.me/e/20/9h9h)
INFO - Loaded 617 exercises
ERROR - Exercise seeding failed
Traceback (most recent call last):
  File "C:\Users\MIQDAD\Python\iron-hat\scripts\.s_venv\Lib\site-packages\sqlalchemy\engine\base.py", line 2127, in _exec_insertmany_context
    dialect.do_execute(
    ~~~~~~~~~~~~~~~~~~^
        cursor,
        ^^^^^^^
    ...<2 lines>...
        context,
        ^^^^^^^^
    )
    ^
  File "C:\Users\MIQDAD\Python\iron-hat\scripts\.s_venv\Lib\site-packages\sqlalchemy\engine\default.py", line 952, in do_execute
    cursor.execute(statement, parameters)
    ~~~~~~~~~~~~~~^^^^^^^^^^^^^^^^^^^^^^^
  File "C:\Users\MIQDAD\Python\iron-hat\scripts\.s_venv\Lib\site-packages\psycopg\cursor.py", line 117, in execute
    raise ex.with_traceback(None)
psycopg.errors.ForeignKeyViolation: insert or update on table "exercises" violates foreign key constraint "exercises_parent_id_fkey"
DETAIL:  Key (parent_id)=(15) is not present in table "exercises".

The above exception was the direct cause of the following exception:

Traceback (most recent call last):
  File "C:\Users\MIQDAD\Python\iron-hat\scripts\seed_exercise.py", line 75, in seed
    db.commit()
    ~~~~~~~~~^^
  File "C:\Users\MIQDAD\Python\iron-hat\scripts\.s_venv\Lib\site-packages\sqlalchemy\orm\session.py", line 2035, in commit
    trans.commit(_to_root=True)
    ~~~~~~~~~~~~^^^^^^^^^^^^^^^
  File "<string>", line 2, in commit
  File "C:\Users\MIQDAD\Python\iron-hat\scripts\.s_venv\Lib\site-packages\sqlalchemy\orm\state_changes.py", line 137, in _go
    ret_value = fn(self, *arg, **kw)
  File "C:\Users\MIQDAD\Python\iron-hat\scripts\.s_venv\Lib\site-packages\sqlalchemy\orm\session.py", line 1316, in commit
    self._prepare_impl()
    ~~~~~~~~~~~~~~~~~~^^
  File "<string>", line 2, in _prepare_impl
  File "C:\Users\MIQDAD\Python\iron-hat\scripts\.s_venv\Lib\site-packages\sqlalchemy\orm\state_changes.py", line 137, in _go
    ret_value = fn(self, *arg, **kw)
  File "C:\Users\MIQDAD\Python\iron-hat\scripts\.s_venv\Lib\site-packages\sqlalchemy\orm\session.py", line 1290, in _prepare_impl
    self.session.flush()
    ~~~~~~~~~~~~~~~~~~^^
  File "C:\Users\MIQDAD\Python\iron-hat\scripts\.s_venv\Lib\site-packages\sqlalchemy\orm\session.py", line 4353, in flush
    self._flush(objects)
    ~~~~~~~~~~~^^^^^^^^^
  File "C:\Users\MIQDAD\Python\iron-hat\scripts\.s_venv\Lib\site-packages\sqlalchemy\orm\session.py", line 4488, in _flush
    with util.safe_reraise():
         ~~~~~~~~~~~~~~~~~^^
  File "C:\Users\MIQDAD\Python\iron-hat\scripts\.s_venv\Lib\site-packages\sqlalchemy\util\langhelpers.py", line 122, in __exit__
    raise exc_value.with_traceback(exc_tb)
  File "C:\Users\MIQDAD\Python\iron-hat\scripts\.s_venv\Lib\site-packages\sqlalchemy\orm\session.py", line 4449, in _flush
    flush_context.execute()
    ~~~~~~~~~~~~~~~~~~~~~^^
  File "C:\Users\MIQDAD\Python\iron-hat\scripts\.s_venv\Lib\site-packages\sqlalchemy\orm\unitofwork.py", line 465, in execute
    rec.execute(self)
    ~~~~~~~~~~~^^^^^^
  File "C:\Users\MIQDAD\Python\iron-hat\scripts\.s_venv\Lib\site-packages\sqlalchemy\orm\unitofwork.py", line 641, in execute
    util.preloaded.orm_persistence.save_obj(
    ~~~~~~~~~~~~~~~~~~~~~~~~~~~~~~~~~~~~~~~^
        self.mapper,
        ^^^^^^^^^^^^
        uow.states_for_mapper_hierarchy(self.mapper, False, False),
        ^^^^^^^^^^^^^^^^^^^^^^^^^^^^^^^^^^^^^^^^^^^^^^^^^^^^^^^^^^^
        uow,
        ^^^^
    )
    ^
  File "C:\Users\MIQDAD\Python\iron-hat\scripts\.s_venv\Lib\site-packages\sqlalchemy\orm\persistence.py", line 94, in save_obj
    _emit_insert_statements(
    ~~~~~~~~~~~~~~~~~~~~~~~^
        base_mapper,
        ^^^^^^^^^^^^
    ...<3 lines>...
        insert,
        ^^^^^^^
    )
    ^
  File "C:\Users\MIQDAD\Python\iron-hat\scripts\.s_venv\Lib\site-packages\sqlalchemy\orm\persistence.py", line 1144, in _emit_insert_statements
    result = connection.execute(
        statement, multiparams, execution_options=execution_options
    )
  File "C:\Users\MIQDAD\Python\iron-hat\scripts\.s_venv\Lib\site-packages\sqlalchemy\engine\base.py", line 1421, in execute
    return meth(
        self,
        distilled_parameters,
        execution_options or NO_OPTIONS,
    )
  File "C:\Users\MIQDAD\Python\iron-hat\scripts\.s_venv\Lib\site-packages\sqlalchemy\sql\elements.py", line 526, in _execute_on_connection
    return connection._execute_clauseelement(
           ~~~~~~~~~~~~~~~~~~~~~~~~~~~~~~~~~^
        self, distilled_params, execution_options
        ^^^^^^^^^^^^^^^^^^^^^^^^^^^^^^^^^^^^^^^^^
    )
    ^
  File "C:\Users\MIQDAD\Python\iron-hat\scripts\.s_venv\Lib\site-packages\sqlalchemy\engine\base.py", line 1643, in _execute_clauseelement
    ret = self._execute_context(
        dialect,
    ...<8 lines>...
        cache_hit=cache_hit,
    )
  File "C:\Users\MIQDAD\Python\iron-hat\scripts\.s_venv\Lib\site-packages\sqlalchemy\engine\base.py", line 1846, in _execute_context
    return self._exec_insertmany_context(dialect, context)
           ~~~~~~~~~~~~~~~~~~~~~~~~~~~~~^^^^^^^^^^^^^^^^^^
  File "C:\Users\MIQDAD\Python\iron-hat\scripts\.s_venv\Lib\site-packages\sqlalchemy\engine\base.py", line 2135, in _exec_insertmany_context
    self._handle_dbapi_exception(
    ~~~~~~~~~~~~~~~~~~~~~~~~~~~~^
        e,
        ^^
    ...<4 lines>...
        is_sub_exec=True,
        ^^^^^^^^^^^^^^^^^
    )
    ^
  File "C:\Users\MIQDAD\Python\iron-hat\scripts\.s_venv\Lib\site-packages\sqlalchemy\engine\base.py", line 2365, in _handle_dbapi_exception
    raise sqlalchemy_exception.with_traceback(exc_info[2]) from e
  File "C:\Users\MIQDAD\Python\iron-hat\scripts\.s_venv\Lib\site-packages\sqlalchemy\engine\base.py", line 2127, in _exec_insertmany_context
    dialect.do_execute(
    ~~~~~~~~~~~~~~~~~~^
        cursor,
        ^^^^^^^
    ...<2 lines>...
        context,
        ^^^^^^^^
    )
    ^
  File "C:\Users\MIQDAD\Python\iron-hat\scripts\.s_venv\Lib\site-packages\sqlalchemy\engine\default.py", line 952, in do_execute
    cursor.execute(statement, parameters)
    ~~~~~~~~~~~~~~^^^^^^^^^^^^^^^^^^^^^^^
  File "C:\Users\MIQDAD\Python\iron-hat\scripts\.s_venv\Lib\site-packages\psycopg\cursor.py", line 117, in execute
    raise ex.with_traceback(None)
sqlalchemy.exc.IntegrityError: (psycopg.errors.ForeignKeyViolation) insert or update on table "exercises" violates foreign key constraint "exercises_parent_id_fkey"
DETAIL:  Key (parent_id)=(15) is not present in table "exercises".
[SQL: INSERT INTO exercises (name, equipment, is_variation, utility_type, mechanics_type, force_type, target_muscles, main_muscle, secondary_muscles, difficulty, synergist_muscles, stabilizer_muscles, antagonist_muscles, dynamic_stabilizer_muscles, parent_ ... 311954 characters truncated ...  p11, p12, p13, p14, sen_counter) ORDER BY sen_counter RETURNING exercises.id, exercises.id AS id__1]
[parameters: {'utility_type__0': 'Basic or Auxiliary', 'is_variation__0': 'No', 'antagonist_muscles__0': '', 'force_type__0': 'Pull', 'main_muscle__0': 'Neck', 'difficulty__0': 2, 'mechanics_type__0': 'Isolated', 'parent_id__0': None, 'name__0': 'Neck Flexion', 'synergist_muscles__0': 'None', 'equipment__0': 'Cable', 'stabilizer_muscles__0': 'Rectus Abdominis, Obliques', 'dynamic_stabilizer_muscles__0': '', 'target_muscles__0': 'Sternocleidomastoid', 'secondary_muscles__0': 'Sternocleidomastoid', 'utility_type__1': 'Basic or Auxiliary', 'is_variation__1': 'No', 'antagonist_muscles__1': '', 'force_type__1': 'Pull', 'main_muscle__1': 'Neck', 'difficulty__1': 2, 'mechanics_type__1': 'Isolated', 'parent_id__1': None, 'name__1': 'Neck Flexion', 'synergist_muscles__1': 'None', 'equipment__1': 'Lever (plate loaded)', 'stabilizer_muscles__1': 'Latissimus Dorsi, Deltoid, Posterior, Rhomboids, Trapezius, Middle, Trapezius, Lower, Triceps Brachii, Rectus Abdominis, Obliques', 'dynamic_stabilizer_muscles__1': '', 'target_muscles__1': 'Sternocleidomastoid', 'secondary_muscles__1': 'Sternocleidomastoid', 'utility_type__2': 'Auxiliary', 'is_variation__2': 'No', 'antagonist_muscles__2': '', 'force_type__2': 'Pull', 'main_muscle__2': 'Neck', 'difficulty__2': 2, 'mechanics_type__2': 'Isolated', 'parent_id__2': None, 'name__2': 'Lateral Neck Flexion', 'synergist_muscles__2': 'Splenius, Erector Spinae, Levator Scapulae, Trapezius, Upper', 'equipment__2': 'Lever (plate loaded)', 'stabilizer_muscles__2': 'Latissimus Dorsi, Pectoralis Major, Sternal, Pectoralis Major, Clavicular, Coracobrachialis, Pectoralis Minor', 'dynamic_stabilizer_muscles__2': '', 'target_muscles__2': 'Sternocleidomastoid', 'secondary_muscles__2': 'Sternocleidomastoid, Levator Scapulae', 'utility_type__3': 'Basic or Auxiliary', 'is_variation__3': 'No', 'antagonist_muscles__3': '', 'force_type__3': 'Pull', 'main_muscle__3': 'Neck' ... 9155 parameters truncated ... 'equipment__613': 'Sled', 'stabilizer_muscles__613': 'No significant stabilizers', 'dynamic_stabilizer_muscles__613': '', 'target_muscles__613': 'Tibialis Anterior', 'secondary_muscles__613': 'Tibialis Anterior', 'utility_type__614': 'Basic or Auxiliary', 'is_variation__614': 'No', 'antagonist_muscles__614': '', 'force_type__614': 'Pull', 'main_muscle__614': 'Calves', 'difficulty__614': 2, 'mechanics_type__614': 'Isolated', 'parent_id__614': None, 'name__614': 'Reverse Calf Raise', 'synergist_muscles__614': 'None', 'equipment__614': 'Smith', 'stabilizer_muscles__614': 'No significant stabilizers', 'dynamic_stabilizer_muscles__614': '', 'target_muscles__614': 'Tibialis Anterior', 'secondary_muscles__614': 'Tibialis Anterior', 'utility_type__615': 'Basic or Auxiliary', 'is_variation__615': 'No', 'antagonist_muscles__615': '', 'force_type__615': 'Pull', 'main_muscle__615': 'Calves', 'difficulty__615': 2, 'mechanics_type__615': 'Isolated', 'parent_id__615': None, 'name__615': 'Reverse Calf Raise', 'synergist_muscles__615': 'None', 'equipment__615': 'Body Weight', 'stabilizer_muscles__615': '', 'dynamic_stabilizer_muscles__615': '', 'target_muscles__615': 'Tibialis Anterior', 'secondary_muscles__615': 'Tibialis Anterior', 'utility_type__616': 'Auxiliary', 'is_variation__616': 'Yes', 'antagonist_muscles__616': '', 'force_type__616': 'Pull', 'main_muscle__616': 'Calves', 'difficulty__616': 3, 'mechanics_type__616': 'Isolated', 'parent_id__616': 616, 'name__616': 'Reverse Calf Raise: Single Leg', 'synergist_muscles__616': 'None', 'equipment__616': 'Body Weight', 'stabilizer_muscles__616': 'Gluteus Medius, Gluteus Maximus, Quadratus Lumborum, Obliques', 'dynamic_stabilizer_muscles__616': '', 'target_muscles__616': 'Tibialis Anterior', 'secondary_muscles__616': 'Tibialis Anterior'}]
(Background on this error at: https://sqlalche.me/e/20/gkpj)
INFO - Loaded 617 exercises
INFO - Successfully seeded exercises
INFO - Loaded 617 exercises
INFO - Successfully seeded exercises
